tenant_id,security_group_id
3b0b0c0c360245e2ae43d348b79001a3,015d4bd5-b049-49cb-a546-732220e3dc9a
70b2507b8cc44fcb917ddfb85f5079d9,01643bbe-e6ce-4619-a11f-a46bdb4e575f
7c1c482a82944573802ae3d340dcfc2b,01c0ae75-c510-4ca1-960a-5d0599e78194
c89039d9095e42d0b41fad722fbe17b5,01e0d623-85c6-4327-ae64-bbcbd10d5cd7
ab864875e1f44f1c8f112ea460047cea,01f8e0ff-3e88-413f-ae7b-89c80de58582
fa595a702b934289ba70a9de29a8a759,022c6344-b935-4766-b722-320d3e448f33
58610dc4d25e4fc8aeb7fd999f667daf,025fca54-40a1-44fa-b0e6-d3a6b4720edc
68e42f31f5024ece88376a1ba96519a5,02a51009-f743-43cc-abe2-45b898f967ab
8499a12af0db4dff9c9d28c0838333b8,02c32fc2-0a22-4a61-9c63-4419bf10bad3
58e0eeffc0f24b119a10396364216de5,02d0887a-7085-4b41-ac37-bd7788694d1f
a6780a9c6f034d58b0bfffacd1db338e,02f56707-007a-41a0-9d22-300ca140fec4
05001dd7e5be45ef8b1c7a54fa56c15e,031b8c84-193c-4613-9c02-9e7c27751492
53aeef9e1128492389b9c9e6e96e18d3,03595a8a-902d-4440-a038-e71274c9f30d
d0ebc85936794a30b65bb6dae5687404,0374f6a3-b6cb-4ef9-96a8-34c61eda19ee
20e9712d9b864eb7abe17fe7c8945df0,03c8fd1c-6cc5-4e51-b0fa-8a90748ceac0
5011108dead44335aaa88096bb21616d,04173d5b-fe87-4545-b5f6-aebd63336042
753d0f0bffff43b7b551111150ca7bfb,04f9c2ab-ad7d-4899-9c5f-bb4259110292
ce4de7103e724ef7baa6a77d0a3b7fc0,05959e86-aa3b-4622-985b-60e2882f663f
c0f0f38999aa450c9dacc386180ca51f,06487618-7256-403b-8ebb-5fd8212d2946
2a9b495932c64d80b1fac28d1416a921,065a39af-b281-4790-8cd6-4fea1ab69c4e
b3e261a7e7ee411480c05c1deec17181,0711a4ea-0325-41b4-9491-2194b6cb616c
939a950b58f140b695f0da6c200e805c,072f93a8-bac7-46ea-8ece-d6f432243961
41875d895b664602869cdab371081dc3,07c074c2-257d-44e5-b767-c9ae3a0f2698
24a8dbb463b64bc0818fb721a0637693,08006c4f-7583-4489-9613-448d5fe7ab3d
ca0ba321451b4832a726b23f9a28453c,0899bc8c-471a-493a-97ed-c4de72d9027b
67a54336173d461ba0b569024c983436,08c35bef-6da7-4143-bff9-63a656faa551
5ff7fc0747b44990a271062cbaba0581,0900fbcf-7917-495b-a844-99f61550432a
3c0c9fa6bb85454784416297a250be7a,0913341a-624e-4f15-93d2-2ce11a415209
d6a88fa7e20a4053bdbf9cd2d3b2d9bb,092b6c59-a454-40d0-a01c-b6e9f00e7db2
dfe304c6d2604ba3b2072dd8cb853d70,09379e7e-1dee-4566-8b21-b5211dd84f0d
a632c7327bec4f86b7fa93b1c93f3dab,09b28fc9-7575-40a3-a961-48adba7349b2
bdbf4493026a4b568ccd39294a7ff7fb,09c65ebd-c290-404e-8005-20d447b10d38
0223a6976a704184b63957b1b80a2c8e,09ed1d56-1b8c-47e2-9c1b-464497ccd54a
beda10bea1574335af5c23df8ff23ea1,0a463b9b-0356-4124-9253-2c18d895ecca
903af698adef4dfe806bd3ee4e5d6cf3,0b15db51-f182-4049-be10-c8d135e23e88
95e5d392b1b64e27877dd20d2e278fe8,0b256337-287b-4185-a801-24cba3828792
6e66ba613f014f949f402d6ea5f9c5e3,0bab8e05-3731-452a-8b90-25f92b9c8372
e4a412d830444d0bb1f81b2f9fa47f9a,0bcc8d6c-2e71-4d90-99ca-0c3c1250e6a5
a851fb33992b46aa8d8c3ff00841815b,0cd5c2cb-ac8e-4ff7-8f61-54e257c15520
f74f19bc5c4a4630aad6965475f6d4a0,0d327f90-ac2a-49ee-bbe3-f4dc1502ecf6
3b56f9bddbcf470b9a620f537fff7c72,0d3507a8-0525-4204-b1b3-5684504437a8
8ab98d49a88f4fc2bef97a514939a684,0d59c70a-8465-4bf3-9dea-9d3985d925e9
47bf6e719c3341ee96c3cc809c91c39c,0dc1a93f-e9c6-423c-94b1-5a9f05507d85
7cce8417c42f4771851a5603fb588c77,0e252eb3-b702-449c-aafc-ff2b72d80b3e
955d106b831443429eb7734b19fd0611,0f07fa59-11ad-47f8-9ea4-22eee1294f17
34c8d5cd44cc4b179c27892ec7596364,0f118870-fc64-4d4d-80cf-b24a2d64baeb
de16fd9cf0394262a8416d2d145a80bd,0f52d8b4-7156-48d9-aecf-14415e301c1b
66972b7c64024318aabf3f6e7aabc45c,106a17bf-531e-4422-bd2e-7f953b72f835
dbd2f851604b4448ae508853ea554769,10b7bb50-4748-4bf4-8be6-dde5944147aa
30db9e3631b848d287b2bcc0e2263462,10cef8d8-162f-432a-9291-4aebb30a0855
ad87188d262f4ff8a72c87cccfc21c8b,112deff6-fb87-41fd-a44c-d933acd4cdd0
6c5195dbc73149188b93eacf1daa1237,1141060a-7a20-4944-8069-6e32ee535e5b
da14ced018364374a92ef8c0132459ee,1159cb76-650e-4967-80e0-3c5dc33c7edc
7e390236acc44579aea09a696825b0e4,11d75061-e470-4bc9-a926-b8ec5504e286
b9c17351bf2a4848aed7301c5995b99f,11ff7a7f-3ed5-4d19-bee9-f80a45817709
6f9adccbd03e4d2186756896957a14bf,1222909c-e6ed-44bc-9872-edf5c5f8038c
ccf2065a88074df09526d5dd5c361845,122abe5b-075c-4f9b-8749-91a31422d87b
880b8db5184149dfb0b24cf8a42487ed,12419413-c8ca-4ae9-9f50-8e062e86679c
1f4a851ccdf248af9c2b709677cf3bd6,12c01baa-760e-4900-add5-710e89a08e8c
07c9e0afeeb648d3830ba68ca84f595e,12ca428a-b8bd-4da9-abbe-ba36c6ae4a72
0a8c5e2d091f414ab0ade55547d0e995,12e11a7e-1e76-4cce-878c-346de2b16f63
e268db56536d4801aae7aab9298dbcae,12e2c33b-d118-4d0d-a41e-51068944465f
cdb8fd3639134748aaa55cad3c4a1366,12ee6249-5bcc-44ba-8f1c-13a72c49040c
c6d36b416dac49f193b4a209546ce370,1320d062-d4d7-4e02-ba9f-7a49f26ef0e0
84d0ab8dd0b44f61981e4dc218daab3f,1435890c-4bf7-4ce5-9b1b-a11c4af359fc
967bfd447eba40c78fd293143c77b6b1,143b6c0b-1e16-403b-b8de-d657463e3ae7
8c378a1a17af4a78bf81574ddce7e367,146553c4-ff33-4e9d-af3b-7fd0aa6cefde
6dd056cec9224f98978f3d4efd2f6722,14e28036-3ad3-48ad-accd-d64eb85a239c
76a9d36ed9ec4ccfa63b64fe4bba0335,14ed7b26-689f-412b-a9a7-f3445ecdf655
356969d4f91b4b19ab7264f5dd19476d,150fe0ac-c659-4909-b2fa-7e05e5a61780
e176d932e0164d7098440c93b2b7dc74,159bee6f-1cd8-4d7f-b51b-b469907b1ca8
8bb22f76f7e346a4a84daa18dd829b52,15c5f28f-2ab4-484f-9ae1-b1bf8a4bf727
d5887511cea94a63866cb502342ffe3d,16518383-8a32-4c1e-af22-b6bb611fcf18
85da58a461084dcd8936c318f603e8c3,166232ef-4d4f-4ebe-b9d1-68cddd45461d
b971e9fc43144ac2a7c2ab9d00babd76,16ca8417-0a29-46bc-8340-726a6f03cfec
1124c2b7959f4101a662875fd5581c19,16d63317-0a73-42c8-ae55-d2e7010c0c03
e76943cc7b444a12b5d5e74036bd5a39,17b0f774-5e94-4d05-8713-c1cf95943ac8
9452f951ded44bd6852aa99663a9675a,188073b8-b54c-450d-82e6-f1d12c574b3a
c6d817ccee2c410b9c829a4ed5c70c55,18c3b65c-d84a-4e7e-967f-82ec6e0d7e75
85b928765b6e4d07acf811833a763de4,18ce3a47-0f8c-46ff-8cf6-ebf9281a08bd
008d8d81335240fcb255b268f8562c22,18e74c84-ea3a-4d0f-a50f-c2ac1efde47a
e45d5b237eae495c823f7c91c48ac0df,18f2d933-a1f8-4596-bab7-63634578299a
024e1f0615724a4dbd0b595a0f399312,198e1ae8-726e-4b4b-bbe1-62645187adba
3ed8d49ecbeb44d593c48922a3bddf34,1991e226-85e6-4e46-9f8d-65d8f68e8bef
9327b959520846259c09a9fc4bd40ac4,19d00376-36f2-4396-9e88-159aafd697f1
587c0a4cab0d4fb3a6ea6a6d7157e11f,1a65fb7f-ebcf-4df7-9ad9-a6e77dc7c61b
298e3ba944e54e6b8d13de4228d93f1b,1a980c8f-c80b-4b4e-bc7d-6ddd2f459b45
897f5a0d6a194de49934476905631324,1b145c67-0932-450a-a29d-a298dc8b50b0
38a2064b65094fd19e076dbb05ea7a16,1b223493-7e68-4398-a497-7289ca42d224
61849d09cfb24cf09ce4a9012f957cc9,1b2ce0e4-3a94-421b-bfea-dfdf01892319
d0b7612cf9ea47dfb5bdb44106e2975a,1b96967a-443b-4071-b6e2-e017510bacec
4cf856f18fb84cc58c40a6d898a1d984,1b989a68-abac-4be2-b851-08e39bb0de19
b263c8f9e24f4af9888ea2b2975c2e19,1bd0b722-afcb-4acd-bf03-2f0e906712b5
dd6e3c2cf174467585c0c238d88165cb,1cc3957d-c133-4650-a91a-67e3853374a8
a75b02afccee41caae3180ce08222d77,1cc83fc0-6e8d-4af6-bb5a-8a80829fc620
937d886b9eda4b3d9c036f46612dc492,1d2819f1-ee16-41ae-b968-e87fd74252d8
04e471ffe8be4811bffabb530e71023d,1dbdb4e7-26b1-4884-bb59-5f6a257218f9
24265d07a1594e8185fc7e05007d72db,1dd57240-8759-44ca-bb85-1662bf29534e
ab5584a7dbd5425788852035a1f02026,1e50e07d-fc58-4981-834f-864fd79df7ed
2cac0f2ce124447799d7a019ef40d3a2,1efb9e4b-4a8f-4484-94f9-2b410ff9587b
0a136f65fde44500b94a860a3155d400,1f567a37-a0ed-48c0-bf8a-f5f540e205c5
c34e8c5f313b4866a139601fa131c2f6,1f56fffc-88ea-4cc9-b3a9-cfe659fe0920
32f710e093f547a4b832268ec3c08abc,1f61a7cd-f6ea-42a4-9106-5a8d80d8264f
809c6f32e1f84a5bbdaf905685a0b4f3,1f8703d5-e6b6-40bb-a474-4552b11c0c21
abfa229b028c4e3f861baa0bf18e12ed,200127e8-d23d-4c04-9dce-07f774be312c
ecda34f53cfe4059bbb39a8adb33ce79,2007a9a5-de89-4567-acf4-1fdc7879f120
2a8ebd9da68e432bb0766216f78c1a06,20b1aeb8-7b86-4fb8-a29f-14ffe6e189eb
45e6331702f44d448ec7d997e983b081,21988a6d-2bac-42ed-8a10-0fa9f561812c
b1f158e6324d426abb3c223b06ae9be2,21b575b4-2987-47b2-a0e3-ae69e40f80dc
deecf4e22b4244ffa09aa8ce7748e976,21c15e18-d92c-4c7a-8fa4-1c86f9287f94
787434d7e1bd4b14a86c6790858f52fb,21df2a7b-8f9e-4c92-a9cb-46bf270b0780
6a1d93cbf9184ca2b9ec739c6db33f81,22286df2-c938-4187-884d-8f21d83c62b9
85ef5415b8e84d29ab837c52e93bcb97,224d22f9-f893-4044-b3b1-141fdd90bae1
56a23b6f58c34e9f98c9fd2cc6e6ce86,225ef038-38d1-4012-8c98-5c5170db83a1
a5b38e3e60be4bdb8116c3f460381595,22618105-7a17-49e5-8fd8-04c995d9c33b
a3d63d248cc943a09babfa138ae7977d,230e5cd3-613b-46d3-b503-13d4df397446
9d5e5eaefad241908dff8cff7cc5e5ef,234866d4-32b8-4632-b579-c3e8b7033c69
812c43562a1b467297783cf278f850c6,236bfdd6-8f7f-4511-ac03-400d4aa9ebbd
80bde8a3e9e14006b2d9c9c53d5f36fa,2429e59b-3c32-4659-85c8-08f942e9a5f6
9f81c07c45c94ebcac3b20c51197de1d,24b6c441-1cb2-477c-9f45-f89e97b2514b
ba119fbe350c425794b85d07de6f1de0,24dbad7a-a906-4036-b916-afdc3e6c22ea
ad501bbaef61443fa5e9f950d855803f,25017d4e-f67a-491b-90af-1c8f41022e81
2ac7dabc9d634de2aec8e134447846c3,2510eca8-f4dc-4d1d-a9ec-80102c7022ef
c1cb7bcbcb6040c9837c35ff8501b13a,267c77f3-dbf9-410f-adb0-90898e0fa1d6
84d075a4038642f3b592249e4a9cc41a,26db6958-ddaa-4fc2-b481-fa53235ea7b3
da4266d0e4f24017b0dc114ea64ad422,26ddbeef-d388-4c36-9297-7bee425ae790
2e10d2186b23471d94f6f465d49b8581,27516ee5-0b67-437a-966a-ddeff4d67993
0fe5232a35194475bd38266ed896e0bc,27a6c4fc-753f-4563-a065-b59f66c18567
abe73cdc50ae4f168b2c4620b89fae59,27ed71b8-33a6-4d66-a78c-9b19c6ede0b3
c523a40570a2442891ac26b259a7e199,287f280b-5966-4b39-a242-ff2e7216b843
ffa0e5fc492e4b4290bb9e2757850411,28c85503-4127-43be-b2d4-842965390d71
0cbc99bd30d24cbead943bf75c2f89e7,28de3f73-b48f-4f02-adce-5fbb040648be
47c0857cf5b5452a86f640fd44be1d40,296f4896-959a-45c6-b1fa-b2d6e49cb56c
2b674ba2dcdc4c9d937499fde060a5f2,29d61539-d4ed-43c1-99f4-bd7ca39834ca
04451ef4e8ce42bc8f2f590fed8177da,29f7eddb-5467-4a2d-bd3b-70c10f7ce9d2
d2d8e4b248ad46798c20fc87fcce18cc,29ff2d5f-bf74-4566-81a5-2c19b83cf380
4e562f45f6ae4125b98c420023a8e65c,2a5afd3f-9d42-4e09-ae83-dc4c932948a4
df1b3a4132824819ac65e036ca495b6c,2a8650f3-4ab9-487e-a164-b6053e5581b5
82cb4f8105d544fba68a82cc75451ebf,2a915e28-800e-4a7b-aa87-d8a9a050e777
629cdb2191634719a8c97c8aaca2f5b1,2ac2b718-98d4-40fd-891b-81fc62440f8f
7ab3a43d5b86462996112bb62bab39cd,2baafb29-a9c0-40ff-ae97-fa1398d5e62c
e848c8a619604dc1877ae14c080e8693,2bb61b39-ab07-4282-a313-4cf83cf26c02
f06795469c3a4041b92976e17e0d74e1,2c6f582f-7b70-4f26-b37b-75e4178bc84f
454739de6ea946e997c741b397af2517,2c78fe25-73f6-4d75-91cb-5f6ea30e8dd0
5b845b56f7264cc2bdf0ac4ec4e34108,2ce1ee71-9e18-4214-81ff-968edd22ab69
e9d59c77440a43c7b0dcb1224ff431c5,2ce240ea-a9cc-4e5a-a14e-6667f1832c25
c902dcaf7b6a4909b1551d918a4618ee,2d0e70ed-bdca-4bea-9a5a-7e600e7d888b
56c81513d259464a9a58763f4eed2432,2d10bf1c-fc5b-4e5f-96df-77e57351384f
7bbcd05180f3495391433d1d86affcf3,2d1a5c3e-d3ab-486d-ae30-a4a9f2b697c6
bfd50153a2e9476f93e33e30e922cd06,2d2a123c-dd52-48a4-99fa-98a5011988f6
a1dd2df207794506baf995340b8d41ec,2d4c091b-82d9-4d7a-b1a2-5439baceac90
bb23838aeeaf4df793775cf66305bfba,2db61d8d-ff29-4ead-9c9c-81ea200e7aea
ee9d64ab002c43d194e0f25b3f63f26e,2dd498c6-331f-4ad2-a868-f09cb2c45e2c
eed3a2ef6da84345b3b9cf5e1740f352,2e139880-807b-4839-a97e-ae922c2d7819
475bdaf8058f4023944fc4b9ed843019,2e26b332-70de-4e09-9664-5d2b2e9e0017
5d5966b038e347a58022e63db912366e,2f00a26f-951a-4c3e-b015-e67b05f1b9d5
09ad05432f914e26bc417bf58f1cb4d2,2f02d20a-8dca-49b7-b26f-b6ce9fddaf4f
ed80597767a44325a850904c41bb006f,2f48d6c5-ae27-450b-a2c3-45245efc9a4f
cf3a87ea84514fcc883b80ba07b3b2b7,303a24bd-d4f5-4825-98cd-8eee6b300eb0
45b337729b994362add6f2aa3c432a5d,304d8cc4-ce51-4bf4-9301-bbd7743be33f
d203c74dd2b6429cb82a8d212f1b5c3e,3081871f-5468-413b-89b0-759cf5ac73fa
3c56c60aeee74842bca07167f0fa153a,30d38faa-8084-4cba-a1a1-1390c7dd7036
af6808bae4494d07a11f4fd479ceec36,31357966-845a-4a9d-bc81-bf0fae9301fe
d1fe1eee802541b8bd5ed61cd3a05d77,315ae144-7891-457f-a742-dcca87c10daa
8520044b53d54cd0beff520e0eaccb7e,316e332e-4e57-4135-a15f-2a1c85c599bc
3c1065994ad34405a5207e33dd66eaad,317ed696-4803-4909-8c56-b5a184806dd6
7bb462b9d378421a8768ea757f7f115e,31ba0b44-6ce7-4aa2-9026-a274f76e5630
c98d0ed7eae7487699fc912b47830f60,31cbf9c7-26ea-4dce-8209-eabac337cf8d
d83cd57d1c614a4790e0afdb0076f071,31eada96-a2cd-4a8b-a3da-53cb1ed5281d
bede483b79f940deb6d0611499028842,32041d09-cd0b-4a3b-8242-9825634a3b92
1e5e8c562fca459d842f6849b3e3018e,32902afa-881d-4e3c-b518-2e460a1947bb
30cbe164355f4bd49d39650a723e6507,33283850-4fdb-45b7-9dac-ac926bb2e5b4
a80fb91f704c4595b0610066cb109f72,333912d2-737e-4fbf-b3b9-298568bd92f9
2225894827c04000a2b8e087256dacc7,335d03a2-da1e-46e0-b0d7-2fa2a85af996
f882334bda5849f58d55c40cf9dec5e8,338a058e-ba70-4c95-9c41-3bb672adc71e
cbb081b66c234146bf3f664c672481f1,339c5949-9b4a-491d-9bf2-1e68fe273bc0
b8acf35af8274b85a8c7f8ac49efae11,339f8df9-253d-401a-a4cf-fc41f905b472
b9bc40d174bb4c6ea2b637ab30769335,34c8d634-f279-4834-84f0-877d7e74c372
3a82984c7e4d484297f42d283bdc18ed,354fac06-396a-402a-bb7e-45825cddc21c
2942580fa87d461ebf82cfdd6b4daac0,35b38f8f-25ea-474c-b5e3-8cd0ce797bfe
19755cd268b54e4dbb6c66ba7b3615db,35b56058-174e-4bc6-b194-557b3c629c79
a15c4f0d3d9f4662ac60fcb7c32e18a4,3690d96a-ab8e-42d4-b17e-e438a3dde20c
1de648fc36894414ba9e5179cd33894b,37326090-9482-4376-b2f8-90c6ab3cc712
f5c463e9d5aa4c4fb2a43ea45086d5d3,3755f84e-ffa0-4ba5-8c4e-acd1ce5ad0a5
8f8129f6bbd94f09af00ad3655cf6515,3787d030-6e38-4a83-b09c-af9bfcd4bb58
a69cfbc592454237bf2e2ba93e276e41,37bbc691-02b2-4992-ac83-6f2332041161
08f5552e94564f07a62a02c20df7e6ca,380c42c5-0a0f-47df-bc02-ab379bf21fde
2c94c796b6dc4d80902a7f3fe621dce7,38912a2e-c284-41ee-af0a-cf93f5a65313
d34d8daa4ef34b54b775c09b088b694c,393a4300-8f70-43a8-af7f-d08f9672fe2d
1e077d936d55484db68836b73731b062,397e702c-7ab8-4d50-bf50-fff62e427a1b
3be6c8b9f95842198466a9c673404768,398d1f85-e141-44bd-85a6-ff0cadb0b597
65b4e7788e874bc4bbe862890c1191d6,399a10fa-0212-4f77-a612-86625c2d2df5
8d808091e4f74457859a69affa8367f2,39a9d5cb-decf-45a7-a215-a91c11ec00a1
a618c05505e744488dcd9efc509a80e6,3a2a28c4-1eff-4a2e-acd1-d62dbc4b2183
39f988b0c06540b8ac104982e89c4c1e,3a476794-a548-4ebc-a74f-50833b7b59ad
5a441c283e6542de8a42c0651a9629db,3ac57f70-5dda-4b95-9c4b-253c9974096f
51415f8df5d64f9b8217ab26273a90fb,3b15a947-a516-45dc-87ea-4957a9c2e5cb
0a00c267d00e44a9b556ed5876aaec66,3b3a608e-eb86-406f-90ad-59cae45a6dc5
1d9cc45307c9438a9d1a0f8f23e8aff3,3b7c3a73-5cce-44c7-a22c-92642cb8d12f
5e2aa0d6d9494280b0f54a7df6785672,3bd369ae-84c2-425e-a45d-b7e55e4f63cd
9ed76bfc5fd549d4b743c88eb09cd7c0,3c12e468-76a6-4e3d-b8fe-de3d51945b10
57906b16bba34ffd8cc20f8127ec2b48,3c52ceef-c629-46ca-bc71-91f5b246fefa
fe451fd0d7224ccb85592a2bf8ebe366,3cb1806f-277a-4b27-bb33-e0f8cf14db60
f4f548f40118444bb8bf9bfcd398209c,3cb1cf89-8815-4973-b2e8-64483bdd30a2
443111aabb014f05a48fae8a6f14d651,3cbc90eb-feaa-4017-8584-3ac63ff6a33e
1ee6b5b4fe8c45cfa16c3ecdbb8ee02b,3cd86a10-5d74-4805-9ce7-91d6138e852d
27a745474b1e4af2a5fbbd1a72657c53,3d03d546-dc08-49a6-91d9-38a7464af343
4af5b4502678444e980568ce2b3f3c0c,3d2dc0cb-212c-4631-8521-33d7e3a1b4c1
f88233491c334ecbb82f58fb90219898,3d3b33a9-cfcb-489a-af41-ff1da9b24b0b
eb771b14df7a455b9e2d9fd3df86d388,3d68a3c9-5043-43e1-8d49-ad3b9f7faec8
b4b281a9007d4285b116a57dbc9828e8,3d977861-2bfe-45ef-b382-a9734468e0a7
099323c512c04aae81e9a078bee33fd1,3e3a8a33-5393-4855-b9bb-6e59ac057bf9
5b66de38bfda4a5982bccaa6b8bdc3ef,3e57de82-0804-4d28-ac71-3f69600f7eb3
ca0b27b2b59d41869fff1546f2bb30ee,3ec399e3-e932-420d-ac84-c746d022180d
acbb810c518748a6984ef8ea6fc3850e,3ec5e99a-5210-48f3-a744-c26d7936b0ce
e6211aabbeea4bd191f2efc3c9b54ec2,3f5983c6-6fc5-4dbd-9ab7-2236092fa7f8
19a7573f020c4711a24262316f58afef,3ff27feb-ae09-46ea-9cf4-16c17b2cf77f
903941d9d607488aaf5bb56a7b42ad75,400584a0-8402-4ded-bbcd-523157d79756
baf23911831246768aaa98ace9f7b6a2,40857b66-07df-4764-9ead-82fc957ca810
8ca5ef399a864e38be04f4289a468a16,40e3dc25-1f3a-4758-829e-393e46dc9f15
3008a142e9524f7295b06ea811908f93,40ec5af9-3ba9-4d8c-a86c-27b90285b8e7
16f37c716f604bfb8175a1b9ffac97ed,40f9da9a-7579-4837-a076-70a2a609eaa7
911120b4bdb14cb385cc4f88f610f2b3,412f2e61-29fb-4e8d-9139-0f573f6660e0
67fce7b6cdc440c092936878a670a3fb,41edeb84-d346-4204-9a32-431f4ca5a4fa
b01ba51c1d544787b8a5da66214933a0,4239a12f-814f-40c9-a09f-67cbe0c9cca7
cb58d619ff55411894a0f9d3e005f68c,4256beef-94da-4c10-a5f4-6105cce67228
9153a9effd814ee8bf902f4142a7a272,425869ce-686c-4c22-b2bf-9b2c7e04b9c1
d91332dec0084ac785426f116cee1d1d,43088402-0954-4821-9db1-e7d29315a9f3
7405f9b06504483996558c9f3c355149,431cee2c-a0bf-479d-adaa-3775cbf3245f
9e1029d915bf49a4a6e4dbe43eaccf41,433357b9-e9c7-4fa7-9b84-bc54353c7a89
4b943ca7604a49f382cc3fcdd6cfa144,434055e6-2176-41ea-afbe-865c44423d6b
305f4aed8329424fb988102d80100c18,43718fe5-bc2d-4df3-9afe-5138be388ed3
2cbe76d230fe4baa98a167c0962ddb2c,439c2e02-3c2e-491c-92f8-68e9e6d41fe4
fab98a79c65a47a99d23492c39315927,44bc828d-e7cc-4103-bf04-1423dde4959f
c22abbcf54a24f11b0f70ae74679cb19,44cd61cb-b87f-4710-824a-5a2e63903b71
1140b46602e84c47838f707b060d6fd2,450d2918-0e07-4111-a8af-948eedb8e1ce
3d3ba2883f4c4e34bcd98b4443542a72,4558f0cc-7e5e-4b30-9f65-ce006c315eba
3954f063088d415c88e0888d55fc4121,4566da39-2c81-46db-9dca-f52d54bce226
6621440b59694e8996f41249ec11d51a,458c11ec-cd2a-423f-ad36-6a87909c9803
7cd6c1b0043f4e94a06cfbfe65ecf3b1,45aebb66-dab3-48f9-8a3f-4d253de54020
3e12e5999bc247da99e93cb4a43270f3,45bf42d1-8954-4f70-8d89-6d97185f9546
5887c3a9f48b4cd1b438a0d15d39ade3,45d3dc90-63c4-4837-8804-8a7c0624bd18
d71b9a955a344616a57cbab95ac1bd71,461046c7-04bd-4460-b468-226098997510
46d3dc9675e84bd8a732303d73019d25,46282fce-251d-49d8-bf39-da7ee8d4483a
21a1449996f34cfb83408d89ea76fa1d,463af77d-ce1a-462d-b8d0-7753207efc41
8083447923734c679b261219b815d3bc,464089d9-3f5c-4817-97f4-345e39131b3e
e1146e1d32c74da5a327ede53de51d84,464930a5-b395-47d7-906a-818f078977f9
0dc175871e05482b9aff22616534c199,466b3b09-feba-4b3a-bace-a958527b6d64
6c6fc8b91cb34445803205216c82f7e8,466d3a0a-f283-4dc3-af18-bb8237ae39f7
753baec4f7a44904bfc0aef177299744,46b30ee9-4026-4757-aef9-40100ef10da3
b7005efa05354485bb358a62ec4da291,471c17b2-b04b-48d0-a035-f2cd65e7158f
d1197e00519848929e1cf9350fcb0973,4746dd54-faf3-4639-bd5a-7d0072def29f
3881caa5b14d42478a20ea0263339ef0,47999e15-8901-4ae9-8ded-5a79c5f57e3d
e01f8a7cd74e477d96c9e9157ea07343,47c30f3f-ecaf-4c01-8e25-1e614c101189
b3c6072810a24f67a7ac48e49a960e51,48456d0c-b863-4ac4-976d-3ac197badd6d
2f0b343507af431496865c68befeb6f7,488bae23-deaa-4045-b20e-54a5c4a97bc8
20829982fc284b8da34ef80556be319d,4969100d-2512-4e49-b7da-a8da0dbdf83a
45f3ce6c638c4c7c868476a7c3954f29,49ac6a97-f694-4496-b7c4-79a73a67a11d
fb0f4492cf014288ad036c51749501c9,49dbc778-240f-4dad-ae21-4f3cbce57c1c
06741a7b348d44fa8ef66f0e02ebab3c,4a97d3ba-6936-4a45-8b22-aefc29b00af7
2160dff3f28c4a368d52fd373abdba78,4a9dc957-9b1e-4bba-bfe9-1c93e168d710
004901173699478e903d37069e508aea,4acf7bed-1a4a-491f-93fe-be277c749a59
a4a499e0ce5045858148c865dab47167,4b4e1f33-917a-4bad-96ee-36a4d5cbfd88
48d8d065c9e5496c9fe7fd146165a8bc,4bf9a0c9-006e-4ea4-b718-06494fa56588
7f2d4d0310f04969afaf6271c08e1e2c,4ce66cff-1117-4094-8560-22c1e586133e
eada5c7b882047f09dfa712c2d5fc8b1,4d75ddc4-f657-4187-a9e1-1daeb6a14116
1334b61c5c264d52b76e08bfbdf7d880,4d93534d-855c-4ad7-8da6-4a7fc39176d9
20cb1b4a57d64139872f095f48f0d4b3,4ddba3ef-15c3-4849-a641-ba87a8933bd9
74efc02252804295bdcafb1e7d046dbf,4e063377-682a-40d0-883e-4afc59c1f860
9c042027ac4e40c2bc80e0361212f7b9,4e31d503-e98a-4c55-9691-d7d0d1b66f22
fd7ef18719204505a2c1967e96a95b6c,4e67523a-9612-4741-b3fa-4b6354f926d0
783002d0e6ad46ea9be1a6737ea40229,4eb06d78-0832-495d-847b-270c5f86869f
3feac54151724b028fe5dacf136d75c1,4f258d01-90d7-4843-a2bd-0d3a8d2f1253
8c8c2396169b4de68f657ed83b37ab9c,4f469923-f5d3-455c-85e8-2e5b31308cf9
787dde05a3b1498fae3e25110b6f3885,4f51e819-c4e5-432f-bcbc-e55a78eea118
2631ea26a32241839fef907fba81ed27,506708b1-d5e5-4046-a93f-10bdd9fa7d79
7381ecbe21d943388aa9f586b6638c1c,50a8bdc9-57c7-4f78-a31e-8836fb0792c7
e54b2b9458b14d5d84cd7f76c541cd56,50ec4665-04ac-46f0-8605-107a2c006a91
f6b9d2f02377464cac518308a05b3197,50f0bc52-41cd-4b9b-832b-928864e158c7
87a3a85e5a514b0eb2ffcd82f1b4e608,51187454-2451-430b-b073-bcd1dfabac84
b84d5d12d74240de934224520e55aa4b,511e0429-ba93-466d-9e80-5fe0324157d5
92b14f5eb77b4b8092bb68ba59126a52,51547266-f7eb-4cbd-80e1-89d85af6539f
be7cbc91eede4b799c2bb0c50f158b50,51992c5f-aafb-4773-865e-6cc2d47a7c06
4f573f21f8694123af1983990d7c670a,51e4d627-527c-4272-b30c-15f0336db93c
a1d9299600814c7b976e7842c4e78285,51ff46da-8882-4e06-9deb-d6cd6095575e
6decb500027741fe84871c8739925b26,51ff7be2-72df-48c2-b220-b4121bdcd15a
b5b411c5e08644eb89159093198d30ef,52007e77-8e83-40cb-99de-3362b6b217bd
e35252bd62054360b6662052e960cf81,5321e165-b018-4e26-80ba-edf1362bfcfd
1b11f30ccf474e04a3fae436d64dcc95,5356296f-d279-413d-9948-9007ccab4256
4686af23eca148a58a9bb43ab0340283,545eebf1-8afb-4c56-9a06-693f4026e901
71be6277b4224113869816a306671c75,546485b5-df65-4a32-8be5-4dab69316f8a
b0c018741b66434c9574907e9347671f,549612d2-a6f5-4007-acc4-18384981a518
871ac0e479214498af08870152827e36,54ac14da-43b0-45ef-8af2-58cf89d30f5b
dcf4bee629e04a28ba204d68b6ee9ae7,5623c7f3-2c32-4d3c-be62-6f7a0793ca29
82ac233eae944da39918bc36f6670276,5700436c-167f-4187-94ae-eaf1c4456a88
37f5c3a46c914b088263fe0046df59dd,572b2a80-6a94-40af-91ed-53e4c0b4546d
f8acc8fe54054e1d958b0f1eead51ee9,577c2c5d-5735-45c9-a0c4-852975a09b45
69ffed1aa2cb42b68ddacff8cb2ad0f6,57b9cf16-498c-4c79-9762-9a7b959bc9ed
3c3722874bff4af7a09ac8d4a02a8b3d,58298970-c1dc-423e-8e35-6d47d05e4cd3
543cb009d2a54613a9cb589bd4b9fc62,58574f3e-272f-491f-b315-972e12274bea
2b0612b677df42b59f7ff08c9753365e,59231cc7-5049-4344-aea2-3181d702690d
7db950f59c6445b4b618e3b012509ed0,59eb5eb0-d127-42d1-8c82-1ba47fcc268e
c652bf501f204a2d95a3cbc793f3a3c7,5a101b71-7bbb-4174-83bd-ed17b2a5972f
4a6ae6abe01e45828c333a6e1d464718,5a73877a-f5e7-4f2b-a05b-aab25a9ba71d
01956df22bea4a1c88bc620521a032dc,5ade71dd-474b-47c5-a266-213a95ea5bae
06860a4d70ec4590a7659fe26ce6cd03,5af139aa-a293-4658-8295-839e234fadfa
6f5103a9ae434375a92a1de24a19ca56,5b103304-f746-42f2-b1c7-3dfa3daba00b
97107d3284a848a4a4ea0345bd05cbef,5b768ff6-6c4e-4c24-b5d2-1ec67832d5e4
ee3030ad709340ae9e632798b3ba7173,5bb37c31-0095-4199-80de-b7ee76f0861d
3a1805a63be848e3ae31463e3cd89352,5c171829-23d0-43b9-a9ba-e489432c4dda
d9ac1340bfd045f88ecef4cde2d459fa,5c1c273c-a0ec-42fd-ad50-e32c967cd71f
a946f8cc327a4467beb90a3a724b8bb5,5cd1cf2f-bd3a-47ad-9456-442094928732
810996812a734c1c9cf1a7e0f9e1af2f,5d447a06-ff78-4c97-81d2-2da0912c8f93
cb2bd9108b0f4957a806daf2984545b3,5d8272ff-6bbf-4564-8714-beb4566dd3fd
a2a402bed9134ca58bf733c38cd4c77d,5d94be3b-3b94-4f7f-bfa7-ade46af53ce3
5243327073fe4f2ba20f90ff315d3bdd,5da3bff2-b842-4d22-9edf-c9ede1262b0c
57f5b4fb03584caea5c3540d680526dc,5e8b43fe-18ae-471d-96f9-8ba60644322d
43909874d24c4fb5a1b64930c18ce8d9,5eca1716-ed8b-4820-af5f-e703b9187a95
b027481c43a148cbb492efaf89b9895d,5efbaf12-c49d-41f2-905e-66dfd584002f
dbc6838fb280431eac8bfb1e64bef16c,5f152e2f-8815-4d69-9adf-982d39795ae2
505f01782d3a4b278d5ff833cb9b7b07,5f578116-fa85-4a34-be3b-f06c8bfbdb2c
9ba655cc2bc24fc69906d07d6c553974,5f878834-518b-4326-a41d-4f8b1756a204
e83b777940e548689fa7f0c7e49c3cc5,60431ba7-99ba-439c-aa67-2a65738663e7
19ee22690eb940dd8ee351efa7430d1a,60738f91-738b-4e5d-ac1b-0a59332f615f
c54a375222294356868f774ad896e1bc,6126124a-3f3e-48c1-affa-52d6cab2ede8
859f91115bb943dcbc83e48a401ebe99,62ca27cc-8927-4bcb-b685-93f25ffe8df9
4e8b761a65534ebaa6662103c657a716,62d58af6-ee11-414b-95f4-9142fc73359c
6cd7ef0ce0f747eeab070cbc39305c28,64050126-9b76-4094-b776-2b2ae018f0ff
83707b8bd5b64b1c9285b33557b093e1,641a2235-cce7-45c2-8fad-56318e043eb7
7f89b219b5e9459db428051e62b21bea,6431d64f-902d-4d36-9f17-590a8c03a0c8
90d4fa29dbf644e28512d5ddf59df8ae,644891bf-f51f-4204-9911-2dfbf582938b
6c8e4f102b014f09af88e34ca06139bd,6449d8f3-b37e-41fa-84ad-0b64bced3bae
4cae807de29744d4a729d94154c1e2dc,6477bf6d-fb40-41db-846b-5d2a6613fde1
9ff064b04d4b4cde9eeea44837d463a6,64ea9350-9217-4aa3-a37a-866b07eed54a
66cc9a65d8e54de7b1a2e1c6d631af79,650a65c5-cc8c-46c3-9eba-bdcdf18defab
717cc16840494e8795e2ee25c46fe797,653b4a30-985f-4b82-a8c6-e8d5f9aa2733
8760f3081f20435e91be05d5389fa025,66c3a15f-a4cb-48c4-9e82-b4053e08a380
8cc92f47c7ec48849f65f92e94a1c8a6,66ecb86d-cb7b-49c8-97e2-0de91cc7369d
1523268bb4f34771bef03fba6de1969e,6770987d-5b18-489a-9499-2e0f506c460f
e0ebfc33088045c98a09baefa46b3f7c,679aa5cf-87fc-4107-91d8-f3a569083ecb
0e64b0d23c344b21a9240fee8bfb5bab,67c71ee2-f714-4007-99a1-90fda22d750a
944bc25c822344f39ec52a6ac1e3b2c6,67d4da52-3f65-4263-ba49-792710d061c6
2d9ae17228d84db4a470dc23d6059ab6,685a1858-0724-4468-810a-8820d13c86ef
4ce386ba093548108ac0709506d8b84f,68a40b5f-de0a-4eb6-8e3d-3dafd63b2906
5faf3960a2b140399d55b9571b1a12a1,68b9b886-82e6-4624-be38-d2baa6075a7b
bc3ab5c1687642218bc09745d0c9ccc3,69710bd4-fe11-4b8b-b713-685bc1fe96e3
df4ca50218b54171a83464a67dd8ec78,6a14c0ed-f7d9-48e8-9248-fc2594084d04
13f933736c0c41fbae7e8dbcb3b264f7,6a7aa87b-3b2e-4314-a0b2-25f4d11f82a9
58034159195e4b77b18c2e20e44d4462,6a98f110-8572-47d9-8a6d-3dcef6be4d48
0d40572228a84adfbeea3e23e2ede8b9,6b57912d-8cbc-4da9-ab80-aaddc5c693ed
ea08d8176e314881b039271ee8168e14,6b78aa87-cfa6-4a73-9b96-c0642e00a995
62540d57c5a94cfdb9235ec313eb62c8,6bb9f46a-b045-4e9e-8af1-ffb0bce0cd98
d5dea416238445dfa979e3abb838d4af,6bd2e24c-8215-4654-a150-62daba3938f6
524d0a12649042c596a81a782b54b538,6bde6e08-77f6-4a58-a78c-2c496d38a099
612321cbac3c4aa6b357dea8a9b8c55a,6c364690-b16c-462c-b629-f2e259011a3d
82de100018104d888f96dfd3faacd6df,6c567dd9-2fa5-410c-8323-e243dc1549aa
29afd655837e48b6a3e69f30f474be49,6cc5d160-47ef-4819-9cb0-e438c7997cc6
3f57747799034e2bb32f630d9ed9fa87,6d3f2fe9-b2b1-4abf-ba5f-5a2e9cfaddc4
dba6cc0fec6845a58f4dd5e84ef8dca5,6d99c8f7-fe09-4e74-a81c-69ef841a9cfa
26ac0f7e71c0456a92b2a52924babdf6,6e71d758-4cc0-4397-bcc2-b04f63a357ca
3aceb806602b45b0b789a8456f92b886,6e9b7086-bb62-463e-ab80-50516b2a79cc
c4636d0989f34475b4eaa9207a401a92,6eddfd94-d5da-41b1-a47e-2763cf9e3308
2642f3b171e34c7bb1040bbdbcd2f0eb,6efe252f-ab99-4432-96a9-377d81d14cce
0494a346605a40e69507a9bf0f65e375,6f92ad0b-9599-418f-8b42-a97d8dff1cdf
180d4a6cd84e4ec8b390b97497bfd7bf,6fa46735-5177-4325-89c1-4d865c45b8ec
4f5d702fa8674268be123e7df3eb9faa,702874b7-0620-4fc7-96ef-37caa8315d8e
619786f011a5475e8acc00c66ab1a29c,704d8d57-efa6-43a0-98a0-fbd2053c6477
da7adc152c594f33b725be14622f0a12,70763c0e-d35a-4882-8b08-c56506efa456
3e4aacdce20d49d28a672cae4493c18c,71372e48-a333-4a80-919a-4074741698d3
db95ae8358bd4566ba2e38702a128b6b,714cfd22-41ee-4e6a-96ca-8651443ea06e
8fcc605f146a42c3827488e22496d9e2,71744945-8af1-415f-96c3-04a8a5a07ea1
9063250bce0a40309cf94ff26a99d4a8,72704cb8-2882-4962-b4cb-ce3de3565688
4e101cf5264b4e739b7b5ebe0f6b5c68,72ead8e7-addc-46dd-bab0-26fdd1fbea91
523760e96a3e4815be2edc9570e08c16,73d96433-35b2-47d1-88d7-2b8965bb01f1
f844c1ecfcef45f8bfb12ea3e63f02e2,73e51c91-a639-441e-9864-3907f95c1a10
bfe6b439cb834e79a3d8adbf23b5a92d,744e9381-42b7-4e9d-8840-010dac827551
21dc06eaf52d4e74acb7f587cf12b2d1,75e13667-3ae3-4337-8e51-5bd906b4712e
569021476af34dccb394e558a2be438f,75ff4e8c-10ca-4028-8ad5-e24b4285d0d2
22c20bb026fa4a39b0eb40244fa9bed0,767c12f8-a924-46e5-9101-39aa410e331e
51e8e9897b1e41ae8ad1347a93b2526c,76b91e83-a734-4404-9e66-29949aba476e
ab82009f064c4346bc0c5eb6028de20a,76d24736-a8f1-4ece-b6f2-319b2abfdd3c
5ae34f5a5ad843fbb8c370c99b66304b,76de2f0f-df26-4c50-8e32-8864817e1d6d
578e020880f7452d95f6059dee14b335,7725a368-dc4d-459d-b38a-9ec9b6ae81ef
aa6656a1a8f34028ae2f5978c9811908,776ce4d7-9916-417d-a4dd-ed7ee5fda78f
1e493deb9ed94c68a3e948747a1a4ae4,77943a57-b046-46e7-b9f9-4ad2f2da0ef7
30abfc6dff7b492f81a3065f2733128b,77bf5694-1578-4a13-a3ab-4686dfd6a842
5ca3fc45699e465dba61479b1817f655,78485ca3-e77b-4fa8-9740-1b2dd6d10d44
7d9c9f0090ed47789665fa7c16b08f2f,784feffc-b532-4630-8ae6-db14b8f35c40
c148748d445545ceb6fc0fa6841a4b1c,7850eff1-baa8-4b34-804e-af5a2e5cd270
ab7f6805562b4a2bbdd580c29a80dd6f,789b6091-4120-4994-ae14-9c3a6fee36fe
da113cfb338e44f7848e2e2823139e36,78c4d42d-ec73-463a-aa42-d4caf57a9af8
35ed5088d6354985b559a67c891e97a2,78e17eab-e517-4329-9fe9-5a02a1a14a7c
a9eb0a6c6155472794ce5c271f0448a5,791acf92-1f8e-4594-8dd9-f3ba291e177d
0fa035c7b9964923b6aacc3bedc2de40,791f3a08-243c-4722-add7-a0fe1d8c7ccf
b540aff5b02c420ea726c9e87e43fa4b,79236f61-3d89-421c-b615-8804b0c3b166
c15386e2413340c58539c1de3bb4e4de,7936e3b3-412f-499b-a26f-fdc7898e16cb
54c41077af3d4b758487a809ade2b055,793a8dd8-bbfe-43d9-9dfe-70a64e95cf54
b9a7e6d81d43480494f48ec8ae79de27,794457d0-53e5-4fa8-a752-8c1fcf60a5f0
73a1352d07ea4546aa71c3be1a506802,79cb8a30-8771-4133-b84d-0d9349376af8
252ef6ebd0384896b80b487d1bf01ee6,79eaef49-5595-4cdc-ad4b-f3f05abcf201
4e7e31906cfd496b82a9ea5d2edb8dab,7a1746ba-d959-4f87-a65d-c7fba92209d8
3cfac786b36a4bb18f523f6be739ae71,7a1c9cc4-d27c-408a-8aa8-cac94978150b
3cdeef5c3119408e861f8e822bed3fe9,7b4be935-25ac-4fe7-ae64-5b0831cbe439
b63d728b6f684901adb77982ac6b5334,7b698828-4f2a-4134-b32b-2013a7f27897
aae0a53b3a754a819fe476344ec6b75b,7bdb2225-f0ed-48bb-a865-19067820263f
d445600ecbf64115974c8b394c423083,7bdeafce-03fd-4d2e-8cd3-7c4099d649f0
a195f5a4c0a94716a53a9ce1a95569cb,7c48e800-545a-4be9-9a09-1291b890ef00
0c54770642324065a64d09334a47477e,7ccbd8d7-3938-4deb-94f2-23435962269c
7f2e6a96bc854c3dbeba931cc2fa83a2,7d63fa91-19fe-40fc-a2b4-9b9bc344653c
cf660c71478448e98a44a457af036f02,7e3218b0-c356-4ddc-866c-2ebaec1de1a3
fc1193e98e884da68b76536c46d551e3,7ea1b030-9e7e-49de-9434-cae597cea562
e4a4d46342d546359ad064834a092648,7ef6fd62-2e71-4d7c-9909-710eac6ad65f
08a5710919764215ad1b2c98dc7a8112,7f649a21-6d71-46e8-a4d9-87cc936a0f6f
0818de173fd9415ba3928cb446d742a7,7f7870c6-2286-4a2f-9ed3-144925011d53
26a611ffe8984bf99e5fe0f4cf1d0b06,7f9672c0-e9ef-4dca-b0dc-852711d7a40f
0fe46c69adaf4d2fb01401e0dd952815,7fcb4cc0-5cf6-4d9d-af34-0b33e484c450
aa345fc87bfa43bd8b04abbf55b5fecf,7fe0bb64-f124-4ab3-a1cb-22eba58a9055
d294e0e2452e42dfab562ff995831226,8075bd56-96e9-4999-9378-77245cbe743c
c3b23797c9f140ac8d95fa84d2811725,80ed599c-33e9-4561-8df2-d218da469850
2044c16f0bde4672842c070b18c4fb0c,811e83c6-2b2d-41fc-9052-f5c6377c94dd
9f13bf11e06e4d81b44c8c3e62d4362b,812f97ac-322a-4704-8d8d-02d9ea06d209
511b92a30c424d7a883add1e2c68fca0,819bee2c-70cf-445a-ab06-457183dc5cbe
37e7f3b1a82c4decb8853d8921a1fd70,81df1216-879f-4255-9caa-893c8c4e06d8
e714165143a84276854d5ae4fc8f54a0,81e72ab1-5333-41f7-8f84-f1815d1f5fab
f6f04e3919964ed7bcb1bda2cef19b56,824c36ca-0e6d-4115-962c-80aa366eb476
228d8812934a49e6b0ea300b96ee80d4,828c2a85-0819-4821-b259-2d7b9bbacebd
fc824182e33541ca85d834b06d3d0772,82c5efc5-cd04-4164-bf18-5ee092329883
7b3609decd234ec2852503d64e334e3f,82d7e797-67c2-43bb-864d-150a2b24911b
ec70e195b7ec4fb19e064b89255da292,831cc865-b9e9-476e-ac93-003e63216933
ee1542117ec64464a07b731f3606a5e5,838177c0-436b-4fa7-9c34-c58eb62056b1
4772443f716c448692f4e16b4b44348c,83e548c8-f001-4daa-9d2f-d15b2432c4dd
7691c9955ce1444ab366d041f5bdf33c,8413c44f-da7e-4262-a2b1-ce85eb1198ae
ed0657d36bec40fc9be180bd208af558,846a4695-726a-495d-8a9a-6a521a891a27
a1cb70fe41194902b26944a48712f9b3,84b352e2-d67b-4ee1-bc97-abc42b8b49fa
d5a33464413740e19dbe588144de18d0,84bd6dda-a1d2-4b50-a7aa-b098dba73b4c
c11cdf2f746b42faa2cad66360e4f568,84ef5e9e-0729-4940-8ea7-2ec80690e952
59c662d4b4fa4d93b6b0095d5ef4fc42,8513041c-d9ee-4479-bcaa-e935e8b2293e
9f887320863a4c2a9e90621bad07b547,8599e1a0-cb4d-4540-98ea-7809c633878e
0ae3ed14cfc548aabf0d7241839cb46b,869a112c-8b43-4779-a8fb-6b93b264bcf5
2d3c5d97025e4eda82550085a8e48ff7,86f4ddd4-50ec-4c8a-8d30-1fa1e4b68408
a79f7246858b432da0f5b10b14163863,87fb99b6-feac-400c-b71b-54d4b35687b5
2d785edfc0264c23a0de8220c795ee01,880811dd-95f6-490c-8282-cb72de5d2611
7705adbe5221408f845e3bb10b6de471,88e9a29c-87f4-4e48-afb3-17ec12c9f02e
adc8b842c351488ea64c0f8277fc5149,89854aed-b9b0-448e-bcac-99009015f307
8977ef5d45f74e7290c10832c324ab99,89a71c04-7337-47e9-89fd-651f0914c584
7f8fbdfe72704ac4b6c99a29f31bed87,89ae18ac-cf2d-46ae-a678-a93ee5ad9f56
9115a38ce1834457be65c4801d47113b,8b20591e-32c8-4147-adb8-1cc92510cca7
d00c4471fe5945f69795d50f7f32981e,8b22be37-775f-401d-bafb-6063eb8f9e79
b6b958214d6f4137b3e92e8ad194d7e5,8b246c80-e60f-47be-a0a2-3b88e3e8fa4c
261787f9377a480aa1890a13e439bb89,8b2bc1d9-ec46-4a71-9982-d55fe0b95a9e
1c824839d5d545da84f30a124abe3449,8c1e69c0-900f-4e0e-80e7-6c2d72a80531
ad3a34870c4c48db9af0f32523dc1172,8c382077-9392-424f-baf7-1976d20eaeb7
0aef04d20ee34ba7aa758039f17de32d,8c48f40f-eaaf-4caa-8838-ce8babb813a1
a096c8b82ba04744bc1a58c018768e49,8c8a5e04-b505-4bdf-b76e-e8e7d33ca7ab
86e5b08d45744aa79d0529e2ce79869b,8c8df898-ecff-4df1-ae90-c24091829dcb
90378338d1d14616a9fcff823e6240e3,8d40d34b-5db6-40d3-941c-fc1ee0a08c74
31d464e0f7814ec88b2bbb31f4bfacd7,8d6c39a3-ec9a-446e-aef8-4d2200b2fb0f
87dd3d7757d845c1a377d98c9ee6d035,8d7267ec-3f02-4768-8d7b-965aabff6153
1360a390e6ba41e6ad65f23ebff9281c,8dfd2308-f882-472a-b619-035aecc0f29a
2afb7b8f496b4774a6c821229145a040,8e3fd1ad-f2f1-482f-b4d7-522dccef5eea
06e9817b7ab74761a5778ec41b503505,8eed8baf-e0d1-434e-813f-2964d8f87f27
4c3bb2f39e6f4c908f565f8ea0a69799,8fc46363-b6b3-41d9-8a65-8c130175aeb7
79e7152a532a4826b5066311952fddf8,8fe17551-b5a4-4bbe-9269-d2fc4b08571c
8dd5979cad9749d3884fea32b0def460,900f1177-f5e4-44f5-a9a7-762ee070e45c
688dc4c773a84b5d9bf99be864beb9c3,903b3c23-90cb-4b85-b8ef-639d3e19c12b
2488e14ba2b848e9860bb859daa5e8a1,90f50343-80b9-4b2e-a290-14440b77d721
db2eed6127444168be1318288a3078a4,91094c80-fa85-4a6b-9a21-46ad861eac95
36d86df61c84407f910542e63afd529f,92f420b4-e34a-4b23-9f14-b9322ebb62ef
349c4a7f6a7e4c26b544d9122b2f88fa,933ff14a-e5a3-4ae2-9666-75e028cabef7
7cdedf4b414d48a19bff1d5704424342,93abe80a-ebf1-496d-9c8d-d68cccbd84d3
630ba6195fdd42b3bfb87493ef187e1c,93e4fa9f-401f-4948-a048-c1b6402b9014
e8657f49e72c48bfb3faa84400701cb3,946c5a7b-064c-4fd2-8d49-099ab1244b9f
c8d203b785154a2894ddec107a742684,94edb99a-6f39-40d1-aace-1cc47b7e7a17
58f1b5884c5e49f38b7075a1da1e049a,95c62821-58a1-4830-9220-a2e21821e1c2
e16c97a4c56c430d9c1c87d4f465e045,9619e287-0a79-4324-b1cb-45d54580d342
9c9e104542da45dba01edeefdd8bfeaf,978236cd-c622-4063-95db-9928096764e0
5f321cb6f5454443876cfbe22aa1d6d8,97acb703-3b09-446e-8c7a-96dd3eaab339
138b1af54fcc4af888233e98592f6772,980b0692-14f1-44b0-9026-3bf63056a61a
8a010e36e51d41288d475ed4f9f88e26,98563e95-c75e-4b6e-bb55-a6b509a33ebd
8c5f37643bcb4e96a661077cda4eaa11,9937fff8-d911-467f-9766-6efed84ee1ec
22cd796f918c4e1b849e37160c36a74b,995599cc-a94c-4aaf-9e63-7414f3b77085
6b89d0c342fb4ed495cf0d0cd86eb129,995abec1-1c39-49a2-a92a-f4e48c7bdc1c
d19b48fe43c04ddfa383d74bc1ad8dd9,9a5f7abc-88e4-4049-9fb8-4cfa1d55ab7e
f3f93e6514984329abbb4b431e9be5fb,9a6a1e13-ace0-444b-910b-984fe21b7312
3d79db90f9ba4302ace7b5dcd5460366,9a7da873-f67c-40a6-9104-840bc46d6df8
764aa6135f344f95b65a22af1e19da3c,9bd092ee-cbf5-4119-b62a-9ab54592a35e
cfcf7f3db6e34a93a3a79ab6b915920e,9be52cf9-685b-4369-af1c-9833abb9b936
eb030342c7a54758ba349fd2f0fd06e6,9bf36736-b004-4167-860e-2236b29bcba2
0f49d464541d4427ad6d131a7cfeb703,9c278baa-d62a-4ea4-9c9d-52ad1030ab9b
347e25c219354db38c6662e4ab9a9c84,9c90aec1-3a12-4311-add7-325257438d0a
7040a53ed9f046ff8ff29a8723ef39e5,9cadbcbf-010e-4fe8-b5c1-fd50ceb6d9d9
7a9cbd7c207340728178b61b05fae9ac,9cf9d644-dfe1-4e35-afe7-2989a5deeb6b
76a1e30faf44446cb12d9be3bdd2c993,9cfe7362-7c58-4e30-a37e-e5e419bda235
6014d1bce147425e9c1aa5801b32d3ce,9d894945-3c03-44a1-8f69-7665ba8f2ec9
e326388bbe5a4ae7a9facfe59e8295c2,9f47166d-0ec7-4aea-b593-ddb33f06e111
a9ff0eb440ee4a3490ab4fb499b70266,9f7a48f7-5f37-4693-81a2-3a0bfb72f1eb
d28cef547cbd426e982a9c507eee2e76,9fab4a3a-e5c1-4085-8f97-927f0ca43544
6790bdc54ef84195b4d1e7df6642d968,a017cbc1-5dbe-4cd5-998a-19d5c35339c9
9f74d88f372e48c0835854e093aba88a,a145f8bf-7b9f-4f8f-bd92-27d1b391bb1b
1aae92d87db14d6fa21324f9cb96f5bd,a178a66c-cae4-4683-b187-dc835ce7ae06
bba958c965674831b7e22e855c251dfa,a1d0d590-619b-437b-acde-75c1556ccdbc
f7439317c4dc49d594189e65f885a887,a1e219ae-74ae-478f-8142-8066edf2ca85
a1312b2cc0274825938b28a95879c944,a23b3dc4-725c-49c7-84d5-a8314238a325
b04050a9b449404285a60975c90fd758,a2aea28e-2b7f-4ca6-931e-986992b32117
485672a6ccf24cd09bdca860e85b7916,a361cbc5-be0e-4550-93f8-fd758864cc39
7c7224788cc946e290b712e6089c7a46,a368db8a-5fee-4023-b1f1-70d5b2827336
156e10e285984a3a8198e02d4027c8ee,a383d298-f6b0-4bf7-b738-9321908616dc
6374971be3e5445b9cfcda6659186fab,a3d79cfe-fc29-4a14-99ae-c75d4c67ab59
de44a2691ca24e3fa9468a8c4051ea03,a405b9ae-4a3d-4666-805d-03f07e752875
da2cdad81c0144b188e73757b2cbddc9,a4be38aa-4474-424b-9870-dff0c655b23c
08d68fcb4e254df58c8d7cdde7a7620c,a4e91648-ee96-4124-9887-1cc2f98d65a0
73d65e216c2148d687e103401a0f6ba8,a50849e2-b4ee-4a03-af3d-79df4b015516
201122479d7240b2b51d2a50eb907147,a5bab06d-5245-48f9-ba67-c062d349278e
097c9be2b4504339aa5de1824a1e6ccf,a5d489d1-b158-4aa0-8485-0cff3b607894
727fcd7fcfde441aaaced790d46b95d2,a6057fe3-5f5b-4f95-93b2-0b997bb8cc9b
643bb4c4e4f04a3bae871466ac74ceed,a63f5f0e-0e77-4fa4-9934-a04279bd7791
9e2200862b674b3098afc897b0fbb977,a6775ca1-dd51-437d-9088-0e73b0413886
2e4b9d646af24936a894fc48f9bd3314,a68dd012-fc3b-4a77-a3e1-d9cafb232d16
d89369016b304fc08ec8b12a772e7505,a6e71155-30a2-4d69-8099-e457fde33e57
34f87362758043a98ea19c5a5e9217c9,a6ee1642-cf7a-4f0c-a596-fccef8b7c434
f2ea8ac453af48af8480b9aff3cc8992,a7058845-7558-465a-a8c9-ceb1282ba3df
ef0ebc28b4e54d1b818821b2fd5e7511,a725d978-f5d6-439d-963e-e23636cc88e1
c54af9a7e393480aa025d830b91e0bb0,a731fbf6-6b6e-4af0-8cc1-a95001373bc8
5ced51b4d44d46d09a645a3771d3c8c2,a79c3b38-604a-44c8-a87e-03e44ffefb27
d1efcc4d2d804067947b06f480b1f95f,a7ba7c76-3a4d-4ee7-8d2d-1309defbc20f
448f3393f5b740b7801c69538168b1e5,a89bb503-6dd5-42c9-8fd6-26542deae82c
e4a04596864a4568a872b708c64f54f4,a8b5cb78-5d2e-44a5-90d5-d99ac19f6971
2ffe44aeb00a4c219da959cd371f3f1f,a95a1472-9592-46a8-9203-81c869440ec8
399608548ca641afbbd78739531bee50,a9b2f86c-215c-4e6f-a319-a87454bc0f96
53b8a832720540518f62a41539b1d0ee,a9b416f5-614a-4c5e-bb9a-1e4971bd60a4
060d1fbdb3d94a22b10f4c002ce22260,a9cda82f-c8c2-4b51-98ee-6ee2b69464c7
43b043bf9eb641f4ba451b47ac5e09a3,a9fd277d-430b-4b70-9add-d56e6164a234
d09e84d9274e406a8a8f8efe08b2af93,aa483559-95fa-45d4-aa69-fa9165e29886
72541ca6e8ce4fb691333f029c80605d,aa5978cc-1e77-485d-b956-51a4060683f3
22198a26210d4204978593a6c1a4cfdb,aa6083c9-17f0-4670-9375-87c69eb8a96f
e699f9ecfe644d78b415bec6330c78c8,aac34ba3-1259-4ef8-bfdb-dda3fad9b922
65b4a55aff7643a9ac19790d06ed65ff,ab075489-e128-4280-90a4-3c89801035e0
e8dcec2b9a1b425a8b855f903a1dc02b,ab3ac866-19fc-401b-a9ef-51ed480626ee
c458e38ea68d4520810f866b59ff07d2,abc2a7d8-28bb-42bf-a113-67fba2af79d2
4ce5b212366741a79bf884561a73d3a7,abc713a0-8f41-425f-b12b-7ad1a1b53251
e7e8e8eca25741c8abc96fc07a103b94,abd1977d-29cd-49c3-b89e-bded37fd46eb
529e60e363d64d79be06a9efff866959,ac354a65-306d-4f23-b228-f2b831ad2679
9e1c3848db22470fbcc63c8c685e8714,ac64b0a6-13ca-4f08-8fb1-82f7e69cf37a
d7d16dd7c387425b80c001832884b6de,ad8b5781-8ecf-4d89-b185-559b9881fde4
b81566bf2166424681b82ba506c931aa,ad98c4a9-696b-41ae-ab83-f2f3f3be270c
9af4c29dc8054593b9efdbac06e811f8,ae15508b-3b6b-49e3-89f6-2552bb4e585a
674f185bf5dc421a9c3fe213bd31673e,ae63261d-e21f-4855-b652-1cc1b56a5129
8333a6a4e59343eda8957cd61da9f0e6,ae95f496-4169-4808-8dda-0df4d2e2b024
7e00f07f31054245a197b3548b11958c,af41f799-c48f-4b51-9317-9adbb50cd312
7ed59f0d11874375894360474c94de07,afb3eb49-c8a3-4543-a18b-e099acef4bb4
9c982b4e161647ddb5f8637ac9eb551d,afedef23-0032-445e-a773-e8d9ff32837f
442e66a0b14b4d85b93842b077ef7cc1,b0495bd7-d6a5-44e2-b1e8-e3ed214c6867
f09df3f988454a509dbd29b754d121a1,b08eb209-4498-478e-afb3-d10d76240971
b69d135ad99944a695c263535db557cb,b09575b0-cd7d-409f-9899-0249ceccef63
629e51e85b6f49d5852db321a95e9046,b0c0fa7e-2d71-41ce-8108-19fb91aa7443
89db7551de5c41b2bd781893ba617f59,b0da1b6a-0e72-4bb9-af6a-e71a4b485450
0acd1d2265574271bf8197271a95e0b3,b10237a2-e7d7-41a3-b4fd-ade7a9dbf1eb
daa18fdafdf04b5eac18e04aa19ee214,b11e52a0-ba41-45ae-8522-50e068a01c9b
8514ce71165744a993b4c924324707b3,b1ba6a8a-1c4f-402c-a97b-28bf3573dc62
f3626e2acc1843b19929d0332d97f306,b278b9b5-89d5-4608-b9db-f3b0742d8029
87179e4c65df4cf2bf5fb36e3da4c0a1,b2865406-9ed4-4673-a1f7-9163c3332039
f72ee5e34c554d98a41a6d5997dcba75,b2d2cfc2-ab17-497b-896d-bef414435c9c
b25fa0648e0a48dc9cfdf87a85af2ce8,b2f3d2ea-ded8-4beb-849a-e49ed7e3a0a7
00380ae12de643fea2ec50f14af654d3,b3fc14c4-bb8a-4b8e-8139-a433172624c3
efe8d9d1c91e48fbbcac042fc9fce1bf,b401a3e3-58cb-4c02-be93-d3b45ac0d28f
129f075424e949228501c197d884bdc2,b461c992-b144-4fde-a272-2bbe112c6bbf
71b536cff28f4bb4955145afb68bff5b,b488570a-ff10-44cb-8826-26449eee81fc
0280ea0ceba54279b2a2abe8775b75be,b4a872c9-640d-4a23-b642-fb003cda8391
b4d0be1f662a4cdba867d615609cdf6d,b4df3f57-35d4-41d6-bb8c-5f24750a2cfd
d6f7768c593045a3b28b96cb1a14e30e,b503b15d-a2ec-492b-97e2-00f8466f9bb2
7289f5dbbb294daf9aa1bb015ac13e76,b5c0623f-2ed1-4835-a7ca-408db87477bd
69143264f9a04bb68c040035769918a8,b66c3a9e-bcb1-4c68-8733-f439df50c0eb
62f1bd6e54e141f6abc0e78e51415269,b6794602-26e3-4d08-b56b-c678b00a86e2
8e3ca0edc9084571b1aa97cc791f7a6f,b6d17a67-fbde-4430-b68b-53e4e7e5f9ff
ef8955ec2c454cb8bdd1c5d0ffbc0099,b7049bca-a4b1-4a41-a394-5403c7b6e779
3a8a2c70884d474aa1d3aeebeb800f7e,b763c78a-3413-4aa5-afa8-b5877870aa79
7e5555ce35cb4398ad1a05542ba8d239,b89e949c-dc48-4ee0-ac8c-9547a5e05c25
322d4717bb5841e5a5aa92968c1a0b9a,b8b768e9-36d4-4a0c-8711-1c8fed53a18e
b01bd351ae9f46ba89689673cb25e6f5,b95351f6-b204-41db-93f8-6aaeabf2dd10
c182586b240f47ddb1a1bd6e0f41cc33,b9c03e27-8e8e-4620-a69a-7798d84b1a3e
d6be534c9c1042c9892e8c0adaa851f3,b9e1bd18-4c1a-4c16-8cbd-69a01735a1d9
6765f014b80143899be62fbba014497e,ba100cc8-ca2e-4538-9ac5-5e2da92cff4e
d8e3c6c691b9415c96bd696a83fc7034,ba179345-8214-4599-b695-04fc0dca468e
ecc28eb4ccc84ea497c8770ec9e7f0db,ba284ecf-57c5-4d59-8032-38f0a572daf4
ebe0ad9de1a64d61b405241b5b6ade18,ba438d5b-024e-4c01-b056-0763071968b6
b7188a889c6a4800893445d969673bab,bb76feb6-0eb8-405f-88be-4fb3a4fea6a0
b0c5a712396141a593e7d0b76051383c,bc23b2e1-e70a-4643-a8c2-c96984a90b99
ab11e3a9596e40fda9135e37ecc3be94,bcc90ecc-3f15-4c3b-8e30-9b70c697b66b
5e2dd9df9f674282acfd113e380ce75c,bcec3b3d-2cad-4967-a207-ccb22a9ce570
e590219106c24594af84d2a4ff5916aa,bd53de26-6d46-4e60-8e91-095224bd65ed
3d31603c63904a9a860ecee8bbca5cfd,bd6db8ac-529c-4ae4-aced-835b90142fe3
3a3dd8971d2e4f6abf826e5dd0362895,bed5a39e-5269-4487-80b3-c6c9da021443
28e9f0642b174e3ca8f362e47a4422bf,bf050e99-e5bc-428b-ba50-b43ad5b38edd
fd782b80655c4795aaba6ea5d4e844cc,bf180eec-4ca3-43e6-935e-02ee5491ffa5
d31f637277c84754b0b9602372bd0b4c,bf42358b-c8f8-4fde-a28a-55cdb837bbf4
06cc14bc967442658fb69cf19a0c34bf,bfbedcc8-b69e-4bef-ab6f-5fd11c130b0c
e3fb2659584e436a832461dac02835f0,bff15881-8319-459b-bbc6-1260b6399081
8a226d87e9ed417abb21d0f95b56b51f,c032f8f2-963c-49cb-a4cb-ce31629afcd8
b1f60c95656347aaa10fa647c13fa4dd,c06975c5-0cb1-42c7-b1f6-8381a577df7e
292c70904ce7415c8626f801bbf1ed0c,c100259e-d54f-4801-b8db-c64b8956d9ae
1e9f8880413d4deea51da2fb46434c9e,c145d95b-7b62-42dc-aefd-61dc35424564
6d6c7d5bd316434890479936d2076efb,c1592065-9a37-4f30-8c2e-a011be104f0c
c4528844c6fd4045b79f936e3a0bfd8d,c1750608-13b6-41c9-86da-afdfc0c9256b
0869d84607844ffc9aa2a0a72a8cc4c0,c1e223f1-686e-4254-8f2d-700ae549c116
23791225e63a49808efe08a390926367,c2422b8b-cc9d-4a3c-9149-1ed2c9886529
fb790702ec7d4fcb96ec14d0daa575f8,c27f062f-8a95-4f3b-8171-77c318003dbf
a3d1ff4fc4e14416961e1fb5f888221c,c2a3bc6b-e2e0-4986-9de6-f3f5cb2de9bf
f291d6029fff4b848441ff49864884ff,c2b25e7d-8d92-47e9-b68e-6abfe9104468
7f90e41e2e7a4f5f805e5c81f3994f6d,c2b9a7bb-9013-419a-a65b-630fa909c1f7
5be496da5bc24864aad0756176f4f71d,c3228f5d-a5ef-4486-9175-eb9ede0195b3
5e35676c2c6947f29e1402b31c5b87a7,c404c7da-a525-4af1-9d1b-49d81982ba9e
190ad02e1faa494a8ab7153c6d2e56c1,c4fde36f-ddd5-410f-9a6b-23d54c4828a0
ae58f400d79d41e588c89da0ec17ce21,c511d906-8545-4c43-a32f-a240de2faf23
9eaf54d1f17640cbb175fef72a248bdc,c58ebce6-db7e-4917-b4cf-53931e2e1c5f
87395e2dd93d4fcdb0747f0a866eeecb,c5a614ed-9f9a-4896-838d-ea8569169028
d2590cbb0df4474f9b5078f08aa9747b,c6113890-5b52-40e2-8c66-a1e10f030851
d1bc0ea61ed54e75bf7ed4f96cf9206b,c62ce9cb-5459-43de-932e-ef0b39537c66
081cbb476627460886caa2f00db08e37,c6e2b867-66ba-4f94-abc1-3a4ee694af3e
47d5fc1ca0844268a4a5a24d11303856,c6f79644-de14-48a5-b318-669b19fdc093
a51d86f76bc640c2b9c892c63bff688b,c730c020-77ea-4a15-b1e5-81225f17b3d9
156e690246504b8fa38d425c15581894,c7adc328-85a3-4106-a8ca-120cf72a2aa9
d1f6265b0a204448baba3db8ca0db737,c80ca594-ed49-4685-a16c-874e6c02692e
306dd35d8fb24684ba344fd03563d585,c820dada-97bc-4358-8ed3-24fd929cb62b
d279cd42585e40fcbd10d5b6643c3ade,c9355fc1-0cd0-4081-897c-5851fb7e35d8
d2c598eeab2f449789fb4e0f62ec3ba0,c9dc20b2-9d15-4304-98c2-2b3adcef1995
c1b7c6f33b1940bc9dd7409f6fee0458,ca2d0b09-17f0-4de9-a858-c0608bfd6169
46fd7e1547594f8abb16347ef094a929,ca390442-6023-40f9-8c8f-232b0513e508
21f6a0691bf94bc1a290a79cf9a96d8e,ca7255e0-1163-4e10-9993-48e826901b3d
699940955745414fa2217898df3875e5,caf9fd8f-74b6-4727-8039-b2b04cc0a26b
04f203c6fa3244628714f851f3aceaa4,cb6fcfb2-60f3-4f5e-96f1-23d9b013fac9
b91b5400d0ac456990cf6ddd65c5c99e,cb7b8e14-649c-4ecd-b217-16492593cc06
a5c6a169183342b989557bb95c7b8e0b,cba8a062-a528-4176-90a9-4993308e8947
0c5f2632234a4e7c8c0ed04720074d79,cbded10b-ec6f-4338-b69c-ecafd0e4dbd1
5d6c3c23428b41b58771bec91b1b3a1c,cbe149bb-ccff-4810-a92b-15eb42b859fd
6c888906decc4156ba52fb0f41758e32,cc625820-044e-4423-a208-c84ac81925b5
d03996cf7bdd4a89bec9accd4b12f1d0,cca58490-9ffd-4cd7-a058-76a7618ac285
0043e52493714a3a82af7caca8081e34,cd3bec8e-9a44-4e61-9cb6-2093cd838599
6ac01ad8083944438adf7e4a234721db,cd5386a3-be63-44a7-b218-1050e2d8697c
024e59017fc444a79b86a7a7bc955b59,cd857fbb-ffab-4dd0-bb87-3df0089442fc
37cd5113b0b84a47a0a7890a9b85598a,cdb2df3f-3e8e-40f7-9cab-ae5c12c07b61
f51ad6a9383b49c4b2667757d7376ce2,cdb362f2-5c84-43bb-99e6-7c6211f17057
4b791b29172e4a258ac8159d0d76e8b3,cdcae114-c3f6-45e0-bc6a-1d1c846ab58f
7f22435321d8472db2b56b6b28be91ad,cde07481-afa7-4adc-ae97-19a89f0a8a2d
0c3d817086194fae9047692bb728876d,cde0a469-2d2f-4d92-90a1-cc8af3b4b58b
d95e2f84652945da8f97e02879ce8ff0,cdf36f59-b6f7-4f7a-90d5-bfd2a6be25cd
ba36b1b9ecde479f92dc62fe0c0f49e9,ce072a27-552f-4e60-96ed-537bd1cf5547
1b5f029e500942fc8ab0829fc05b80a2,ce6f6861-d532-4000-9e51-ef81f144f663
3ce19dd20b134fdfb8a6fdc2eb526992,ce91849d-3f90-4e47-bbce-658c138ace18
328aced104354b418d3cc93ad2c2d13c,cec3c205-54d1-43d8-a31b-77e117177e45
b6a09f72c3754d30b9ac94a9243832e7,cef87213-fc5b-4fab-95af-dadfc4bb31fc
cba3d7b7359b446aa2911de2ddbfd2f5,cf66e0b0-359b-4286-9d63-8a3868b2a017
c4612d01a23547189de78f503b9d4145,cf91231a-0bb2-4de5-b5b6-9994c945a8ce
cf7031711c574cda9625960f08129fdd,cfcd843e-7286-4456-b90b-f218c0d1a7ed
ad499b53b9af468ca7450924e2ceef9f,cfe721f4-488e-440b-b7b3-38e6eb8e5b3a
d8f1c3a9b4af46f3a6a65cea2cf3296d,d07681cc-2a80-4a5a-bad6-0d0fe9643baa
db72577d36b34d1d8b02060c6af64372,d1e34d64-2996-4991-b795-558344fe7076
e4f7c7a6042c4c2b8a192d2cf1918a77,d1ff3831-25ab-42f1-83d6-bd433e6e33bc
68846893568146f1b56a16747b400b5e,d321cf24-30df-4cae-9636-a9e7ffc5abc0
bcb4a0fc940d40af9d8f1519485334d2,d3406980-2c9e-480b-a9cb-09ef726acbc0
098201f62257495c9d7b47cde06a0a33,d38ccb02-9da6-43db-9282-e677fd77bb13
66bb3791b211443c9bc39c0a392420bc,d4c44f35-04d1-4524-a1d2-e8ca50c6de81
f0ae1d7c6f7b4417b2c9c4c82933ebd5,d4d13c02-bb42-45fa-a68f-022d31cd6282
7202a43be6fa4aec8387216260a4fae7,d5b3fae1-6829-40ad-b69f-78385730f381
c40a485b222648cd87b74c3037362a75,d5b5a59a-04c1-4e91-8d60-9411ad1f58a1
9d68b362842341d59922450380bb39b1,d5c8b04d-15e4-4c10-9103-5e54fde11ee2
be9fa403a8be4ef3815e394af1671b32,d608fb65-0ade-406e-94db-41b73d832ec7
d3ac3958f14941cdb205e76ba43bbe49,d60ff86d-c3cf-485f-9149-0c5bec782af0
fc1b446cad9e4849a41f9160664e3781,d615f324-a26f-4696-9956-e926f9623a10
c7efe6cb4d3645fab837e3354d156912,d65cf92e-0b53-4d2b-bfc1-873c3346f414
d0016e570d704a51bf15d9c6a4b42fbc,d6b6acdf-c6af-4871-add9-f8f4c98883f8
e9c61f11537e4c0f97232f4d1e082437,d6bfc16b-456b-42a0-98b1-d005c64e3c12
6fa317996c5e4122903c7aca370f5f3e,d7614a17-926e-47a8-a6a7-d3a83acf591d
1d48ed3ca9ed41d99f777238ab01e91f,d7905f9f-3554-4071-b11d-64512c81b42a
bb02e86c269945129288ac22543d2d65,d7bbce9a-cdc5-42e7-9d6b-d97f3cdb88ae
5821a61a2e534d8591673cf1c2342e30,d7c40623-1eed-41f2-aac7-333c7172c579
c4467dec743d4eb7b97080cdd3c00597,d880c764-2e91-4588-a192-f0feda07d1b9
d3e4c40bd306445faab49869baeac23f,d9a872ed-e700-428d-8774-92366f4a7d22
33703d14a045413b9ab3fdebe30d2570,d9c1490e-9462-453b-88cf-5a6ad2c1dffe
ed782b58372a4342bcf3fd73190a3382,d9ea3509-6db4-4a55-be48-3e0ac24542a1
f9b53c11ef34429fb2e57fb3a66a18c3,da5ef4ae-1941-4e7c-a85d-0c8998fa438e
9640284013ec4518812fd016846f8da9,daaca2c2-4516-4aae-be1b-0e10ba995051
a651f93bb2674a3aa08f8df17981c6e6,db92b75c-afa4-4aab-9333-ee78acbc80e3
699dab89c971451c99997c67b847182f,dbd09a0c-b10a-4927-8300-fb6581ea7520
982384173924496287a78d04af19720d,dbef5414-f392-4b8f-a36b-a9d8f53f5a7f
05e13bdfc81c40a88f53e63ee6b48ca0,dbf513d3-7ffa-4848-97b8-3ded44bfca12
316b26d093f64edd8e3506b5ce6c373f,dc21fc31-fec5-44a0-a574-2c3e5214e8f5
607cfde8b8b7439ab804740f38b2d80b,dc37dbb7-dc91-4fb0-a752-ebf66e390df8
70a83a9fbba040efb42f0cdf69a06a42,dc3bb3a3-2838-4a66-885d-787cbfc2cf3f
6707cc1c25b14cb6a625ea1d5c06946d,dc7c341b-dbd3-4768-84bd-4e534356ab9f
303f834ed32b4ab9b54f15b6f312914b,dceda306-b5ae-4d2e-b516-15885ed1f25d
8eeed6a70b404916995d4c02fcca3f11,dd305da6-a610-430c-a53c-324c6b27d47f
d6fd1f13e7374f028e29b318b0512746,ddd4f401-4439-4998-b986-9bd25075233d
bca62e47c26348589cbfdcb6b5a37445,ddf78b4e-f255-4656-ba42-c8e463e57d65
17bb7dd6e6d14c80bad65988c984e12f,ddf82466-6786-481d-957a-076cf81ee209
1656a2053b134afb94e612131220e828,de7e1f28-6548-4b38-96ab-9c5bc87e5487
7a181edd897b49718214040da2b8ad95,de863740-0ee8-4e32-aae2-9c41a3dcde86
a1932a99f59f48259e48533a21955c02,de8ff755-86d6-4b25-99c9-6f53cb94bd77
c475a9ae50364601a91c97cb40964243,dec9d49b-9773-4acc-97a8-b24eb0674c70
02c3a636066b45faa84760bbaa76d8a8,df2ce317-0de2-42ac-9cfd-665437e042c0
e5948bd4ffb743ecb2ee39e01291689b,df4f0470-63e0-4a59-8453-339f6b63f62a
ff511c1c1b2a499faf78bb487bca26d7,df5e9f06-0179-47d0-950d-1cf664f908bd
725ab7baa11f45da9f4b1a0036cba951,df7aa665-a241-454e-bed6-48c4714d32c9
11200330f45f429c955e314e915e93d7,df8c18c6-b29f-4a2b-8dae-b0e06cc41b06
799e947c79744e50a4961748937e7101,dfb83191-8b3b-4fca-8809-fbe886b6e0e8
cd253e76857f46d694d19b80f077de15,dfc559c3-9a64-448a-b10c-d89bcf758581
c14f7e9b3bef464294cfc5c03801ada0,e0225330-f002-49cf-8968-b03b72943b08
41d8a85c27d34e349ead0239146a092d,e02a4ae0-f109-4815-a7dc-e1b8992241b3
5f0f1a1693f64c4296967dc040e86bbd,e02cf06a-e5cc-408e-b436-68d003437f02
b5e3e6c3eb124d86bf66f31ed82cacc3,e044f47d-0786-4b13-944a-6c609a7aa933
6fd31ef7c5d9462f94e48435ff9f5a57,e07f9a9a-59bc-4c20-914f-d81b40cc8a72
f63e242eb75346d4bab1d9e09ce160af,e0a4a6f8-eddc-4216-b461-1605ceca3d96
856e29449a7543efb79274a845984db5,e0c74ed7-6595-44fb-837f-95448439cae2
0fe66cd253784d7ba12cd2e84ecbee6f,e25af747-5cc5-43a6-98f7-238dc260a88d
5f7daf994af54b91802823e54ee5f18d,e28ccffc-dfef-4a2d-83f6-4e45213868fc
0862b6bf68604444bbc2977d93f850ee,e3eaa9f4-2d37-4423-8638-bbed5b30a071
154aba912e4a43a4a64e5f5afdf7faf7,e4037e9b-c621-43d9-a4db-e9a91de0d6a7
c32ab7f84a364382888e7f4e17f9fb00,e4145100-c500-4fd3-a51c-53be5bb9f87f
a97262ba53df4b4c997b5869c859cfdd,e46f1c7f-1fd9-49a8-ae1e-5383d7922d4d
71322eb9ba804fc4ae74cefde3ad0742,e46f25f4-19b5-4b54-bcd4-511dea9bd9dc
54d15fcd27d34ed8a09b73890bfa5406,e4a3869e-3dd5-4234-bd29-0b42210ab4cc
98333a1a28e746fa8c629c83a818ad57,e5209cd6-b881-4633-b955-fdde1fefea58
956ae20bbb444a8c8f149729198aec63,e567000f-0e38-45b3-aeae-0b7272b988ec
5bbb932f95a349c5a3ddd53dd0764149,e6547a15-1385-48e2-9ea5-c2e9b28ebe43
dfa1113aa2134a47808b05faf41fcf5e,e685e7e8-1329-48e6-b41f-a5be97a2d185
1f8d5ace7ad94ab4a5fe8b608c700545,e6b05293-b49e-4efe-bfeb-028509eed5f4
b5a0d1e17f354e15ac734f59cf51e7a9,e6b534e5-8878-4551-b837-8c6e6c8067b1
b1a541e6fa4e48e0aa7b20e347c8b436,e7638f09-fcbb-4f20-9f56-93af18bb6e01
dd0fef6fbdbd414180654decb653f667,e7859f2d-4a43-4e3e-a2de-b3f341a0425e
028d6af7ccdf40fa91fa8eae7e4fa7f3,e80c34ac-315f-471f-ba52-3c792b235e55
d60e461ee9034977b4717d79bba2f77e,e88e272b-2f93-41f5-8bbf-64dcee2ce6b5
17ea94ad74b64b9d92f4888336a598c7,e89ea050-10bc-42e7-99a8-18b97cec2446
5b92ec1146d04f9091ab48b6cdba3eff,e8d16346-8f23-4640-9efe-c4fde08303cc
63895706122b420090bb2757d80a8cbd,e920b72b-278d-45aa-a0a8-e45a7187a663
42216cdbc3bc4267be4d34bc2e7c8755,e96a0ce7-054a-40a2-960b-11daf1d5fd45
23618f23c54c45f9afa1e67794e53149,e9da695a-c8f6-4dff-bbcc-3fd798cddf95
92d0bd08fd444ecf83e6dcf7bfd712da,e9e8162d-d577-44be-9d49-fd0ca627d700
a65f9e8fefc346488f00f6220816a8f6,eab8e7be-38ff-4b93-abac-c30b0a09d538
a98357e62dda44f5926825a4c72e3baa,ead40d28-f649-4f41-931c-62d1c76d3036
2b962b20590c4a78b307140a7e8c15f3,eafd93dd-81d9-43e7-b54d-243e561d02f5
0443563c3162495bb4d77e7cdb356476,ebbe3e4b-9027-4a82-8bc4-4f7a2bf39897
5fea2ac1593844778bd57448717fe6fb,ebc65de1-33a0-4382-9e38-6ec2d3f85ba6
e697fb544458402389241c47badb958c,ebe2428f-117c-4cc4-b825-6ad6b4f4fe6a
85011d8c34614b66aa533ba6ffd21486,ebf9f5ec-e1e3-48c2-823b-da78d91607d8
238eca7d3cf047bdbf63410998e17994,ec2c1f48-eb42-41a2-8445-b67e2c566585
7f04197693df48ce97c8f815a6bda8aa,ec46705d-9cde-4f12-b1ba-47a36fc5e8ba
98b4530b2d5f4c7d91668b8192234d81,ec9b671d-ed4d-46d0-a419-a57fa8916880
7204bd32c3004383ba394fc47648a354,ecb198c7-2bd3-408e-bb5f-4622cdcef9ce
b3a28178e4084ad8b2b8d09960dfb0c1,ed21b129-34a2-404e-8852-032ad59d90aa
937c202cfa7f4917a2e1346acd6a3bc9,ed2edccd-6309-4bb0-82d1-309163e461ec
7a3453a552a8453ab1f45bc6a1fc4593,ed3e9863-f25b-48cb-88e7-9974553ce6a3
6ca7aa93d9aa4cd68feccab7e3ee266f,edf6498f-c680-4f47-824f-a01cc3973e9f
b57eaaf8cfaa46e7911250def0b02613,ee4247cd-1c94-4b3e-91f7-52bfe9de2b52
e6ef0f87a97247bda8cd853a782a60ff,f0272f34-a239-42f9-b20d-407b7d29390a
5852857fda6c40f4be550f974a19355c,f036af57-f1a0-4368-a3d8-bb2ac16b6670
0dd2ddbd69c0436bb6fb83203e1a9112,f04db218-a423-427f-869d-c465b2d6a270
3899a62c99ea4f0cb6cd01643dc10474,f0582c8f-064f-4ed7-9e98-9c2f3b735880
7b490336995d44f0b1d20eb4b1804094,f083781c-6280-4b77-9a96-c449ed4ea80f
63a1ec4573cf4a6d9dca672c627fdd53,f108dfef-6743-4cbe-addf-c5399a372400
69e2380d3352426381f126222a8d7794,f13c233b-54a6-4b0e-8b26-008081686071
2fcb36773f3942378a17ae7c968e3c5d,f1df789d-6818-43be-9675-aebe6d21b71b
54aa49a4dbfd4198ab19b9d1eb6b8745,f1ec8b4e-9be9-46ef-89c0-d56d2787c1d0
676f1167474c4479a5ef44acf6a84690,f28735cc-6700-4e57-a9ea-cdb325a3506f
d11f5a2bb3434dbd8a6fda253ece42c9,f30a6f92-0de3-4b96-b8aa-619b3f2b1f8f
b266b22173924beeb7751a8210654f1c,f3688b0e-291d-4c91-80e0-cd64bf4c820f
015e48e3990d4a788925c5798d358d4f,f406b592-8bae-45c3-913b-0e007d380305
a56f0aa887904f2c8d3f190f2c218d6b,f43d305a-8496-462a-ad63-896a6d09b3be
9547a4578f614fce93d2a6afeb798919,f4e5370c-653f-4e8a-98d5-3a0369ac5e01
5fb2df3c80e843bfa7b2867a83cbc3e4,f50f7b46-077c-4df1-a818-7c01575b6864
644720b8477543bf93e20fe3cd7e7dea,f51933b7-9d80-4a87-a460-794440bd3ed2
216dd828c11843c393450951a04275c4,f529f350-37c6-4734-b322-e2bc76f3454c
ef94aa51ed314b2faa94a87cee0a9919,f5532c04-daa5-42bd-b962-5c0873e4054e
dc645db12edd4ceaacfea86631a4530c,f55a10b9-3bb6-4d96-8bb8-a1406e1c58cb
f02f68d5eb2144ac90a5b10c75cd5822,f583e6ea-8ceb-4755-957b-9d22e31519e5
a3f1682406bf4023a4a8089f9abd5763,f588ab9e-cd4e-4c35-94dc-343001d8ecea
32cd8dfb130044a082f45fd19f1eb1d7,f5a36fc6-d0b6-4957-b564-560e9bc1b7e0
27e0fa5706d8438ba6769622f8bcfb53,f5da12b6-a8a8-4486-9d53-8f32335eb164
d7abb5f8e61a48e1a411b07aa2aeb152,f6788218-7881-4968-9b9e-1853b5fb2cd0
761b656537f541fb9f3ddf5bb6a20486,f6826708-4bdb-471a-b18a-5b26e7242e35
e8fa7c20e65e4b38b51d43f97ea35f6d,f6855cc3-fe68-402c-8493-5b0c220e179f
1fbdcb66977740d3982b2e668f6134f8,f7165659-2d8c-4902-a8f6-339011e1fd0c
ce5756b3b57d4d5a82508ae5e27ecfb8,f74088d4-6d6d-42a9-9134-3857b247e4f9
64549b3fc261425eb6372b9026c98dd9,f7dcb69b-da26-49e1-ac04-b572e9c8c404
16b15edaee5b42d49dc0547232857d13,f81d84f3-8bb5-41a0-a911-db4b1a66ab7f
14cba3b7de0640a8b6f5102011358a02,f88614ff-47cf-4b95-99d8-fd972b1949fc
260cb7e36fbb4047bd514913e1b508d1,f94d1e62-ef2f-4735-9b1d-44aac0e01436
227c91d0b9ab46da8998946c1035e121,f96b9988-9d64-41e6-b4df-1916d798e3c2
2678861fab3d40b6bd0d3e133259c6aa,f9731396-4037-46b7-b273-1a44706f9897
cc859334dd5e4696a9139d10e7b8dd89,f9e02d7b-ddec-4cbb-8499-0ffe234bc5ea
d6d9b079e28d4cf29d5aebac75016918,fa983bc2-1ee4-4388-8190-bc197fe2c339
ccffeac313314388922e3c1006ee9871,faeb7066-e813-429a-8285-a7168dd6e1da
3b0e5387b93f40779535770a93a4cb3a,fb12f1c8-4303-4e76-b611-e3b64fd72b31
c714fbf159834e92a75a24fbfe81c116,fb340673-c751-4428-af78-e57bf5479e6b
809580eba9ea41eeacae72b0017223a4,fbe75a20-94a9-4e5e-bb7d-c34630aca106
86b701bd3d7541aa8ee730f055725868,fbf6eb76-cc74-4afd-bd92-0a5628bdecad
0e2c7721b6054760b5e64df3f2846b2e,fc465cba-1546-43dc-9da0-30a25185815e
a3ccd76b29264bbe94415833015c9379,fcf6277a-cf61-4dc8-ab2e-d2cb9241621c
ed557b91faa94b2193b08fb9e4ff6cee,fdd35fb7-08b2-4834-9d91-934f7e055018
de0d86c73e964a7287420a88a7c1d0f5,fdffcccf-d84a-492b-aac6-961527b0394a
086e1b9f5cca4462bd405090ab50931f,fef181a9-344f-4be8-8257-dc89852a6589
d86d20725f8a405481ba55f8b7b871c6,ff11c494-d4c5-48c9-b522-1831c17faf89
8c006833c8fa4d2e919e8d928dffd880,ff35ea6e-eace-4c8e-8844-ed4bb4785988
139ccc08f0ea4c6bb8b1b66e3e5a5b79,ff7db972-ada0-4146-95df-2c4b4c1e67a7
2942532d0cf642668a48e80494d44cd5,ff993ae1-4b1f-461b-84ae-ced63c993070
734423d02a724aca891507bb4d858975,fff3003f-b772-4c44-ba63-8c55367dffa0
