id,network_id,network_type,physical_network,segmentation_id,is_dynamic,segment_index
0100112e-94eb-4235-8c6d-eae99cd86909,05e04d8f-42ab-4610-845a-e50c515bf89a,gre,,62,0,0
02e65979-c314-423b-b895-d3f6fda93520,5b5cae96-6f01-43b4-865a-369382c484f3,gre,,12,0,0
0abbdf79-5718-4eac-ae20-0fe1dd837afd,cc0bf539-feba-46fe-a2e3-f04bfe1eef35,gre,,6,0,0
103e36d7-1d99-47dd-82a6-7709590e2e80,f29a09a3-0e98-498f-8493-ac69378220a0,gre,,74,0,0
10c2d8af-71e4-4500-9e47-37bc7319472c,354ce497-50a3-42cc-9cd7-e6fe499f7211,gre,,93,0,0
10e53786-5807-4a2e-90ba-22101552f22d,1e070f88-14f2-40ba-a79d-5a4eb023d88b,gre,,8,0,0
1626d3ed-6340-4b68-a46c-2982bab302c8,8ad137b5-cc2b-44c7-9db0-e4f81d978d0c,vlan,trunk,2123,0,0
1ab7e823-8c10-4a3b-8d19-653a6f142d60,76ce01f0-fa14-4a5d-9808-009709a72219,gre,,86,0,0
2093c799-b669-454c-95e8-1e7568cdaca7,dfdf2f92-8c4b-4a49-9641-4d5d77fa135b,gre,,100,0,0
21283c43-581f-44cf-bc04-2e282e8fb3c7,28bdd9ff-3e79-45ac-9831-f61a8ac71ab7,gre,,19,0,0
40c56f51-8c44-4d82-8369-d065010ed91a,0a1d0a27-cffa-4de3-92c5-9d3fd3f2e74d,vlan,trunk,2113,0,0
44a9a3af-52b2-4d18-82fb-1608f56a7c5c,92d37d16-07e5-4387-8ab0-ce4a90a998ea,gre,,75,0,0
4cb272a0-0f5f-46ee-8f1d-efefc4fb0424,a4d00c60-f005-400e-a24c-1bf8b8308f98,gre,,3,0,0
4cee9f71-2664-48bc-99c6-904f2e5e2a4d,b3d6c27a-a9bb-4521-b5de-4d65eb7490dc,vlan,trunk,2002,0,0
5589b641-27e7-4a05-b6b8-1eadffd82259,d8d71cfe-9924-4521-9c23-e0eb4ec92747,gre,,35,0,0
5711a275-47ef-4922-8c92-9bea423fa7cb,67d7ab01-c733-4391-9bf4-a6fdc7d11382,gre,,6,0,0
5d6f8131-ebb8-4ef0-be50-84f037fadfd8,fe178706-9942-4600-9224-b2ae7c61db71,gre,,1,0,0
6657115a-4abb-47af-8e8e-8528daa83824,ee45c397-e436-4b5e-b9ee-113bfbf4ffd0,gre,,26,0,0
68c31fad-ef88-47d0-99d8-ec49a03c9bf2,84ba89ec-68fd-4257-80eb-a1c3a65ee594,vlan,trunk,2052,0,0
69796581-1c58-403c-a21e-7579bb5b05b4,5ec0b65f-6115-4525-8093-a8ce01707624,gre,,4,0,0
6a7d136c-28d1-43f2-854e-ab3b4c21c2dd,888bba77-ed12-40b4-a804-d24c88a731cc,gre,,109,0,0
7288edd3-98a0-4a97-ba24-324dd0bd36be,b0c35168-dd4a-43db-9eaf-40f72529d8c8,vlan,trunk,2001,0,0
8144b0c3-1c29-4ea5-a3e3-f31edc56b5ab,d1419216-65f6-4bba-bd77-f35850328822,gre,,41,0,0
849f1332-db7a-4bae-a09e-be6f272baede,4207d69c-903d-48d3-be48-debcb46b3241,vlan,trunk,3000,0,0
850aefbe-2053-473f-a4cb-509a58859679,38bfcc47-5f4d-46c8-9596-fb3a69f64e1e,gre,,13,0,0
8732f845-0947-4c45-b28b-79236d94d477,f185f951-64c6-4d2e-b412-1504f800e20b,gre,,9,0,0
87b8c955-a43e-4a5f-bff6-7b2e0308c85f,2eb56e3e-f49c-49a2-8b82-d10187ed05cd,gre,,5,0,0
8ca8cdd2-63f2-4b18-a86b-7f9c7c8542c4,259e350d-9ea5-4dc5-8a1c-4ab7deef9eec,gre,,57,0,0
8d6a3b8a-326c-489a-bf7a-f0ea7e93ed71,037e1428-06c8-44b3-bd51-6a320330d08c,gre,,10,0,0
8f09c1d6-7db7-47c1-8ec0-97fd8aa2bc1e,99d2d7a0-3a92-4f0d-8e2f-917201477f8b,gre,,3,0,0
9634c759-122f-43e3-8a49-1baa73f703ca,82caefaf-7420-4122-80c4-92e46e9fd658,gre,,79,0,0
98540d42-c9f2-44e4-8c04-d118e25888fc,c859d73e-68b1-47e2-a271-8e2c1cdc979d,gre,,10,0,0
ab7fc3c5-2ad9-4d61-857b-b435c93cee23,e521f9d0-a1bd-4ff4-bc81-78a60dd88fe5,gre,,2,0,0
b572ebd3-9351-44e1-8183-67757d56548a,5f12d2ba-af34-45bf-8118-10fb41d6b5f7,gre,,101,0,0
bfec5bf9-a6ee-4119-8f53-c5b563a71812,7cde47d6-0ae4-4537-9120-444dc3920ff0,gre,,11,0,0
c583d60a-93ab-4a42-9ed9-4e587b1a8551,18b03960-577f-49a4-be38-aafb4e05f3f3,gre,,104,0,0
c8550712-621d-4582-9fb4-80f9ee490033,2fd4865f-ed87-4b56-a1a3-8a20f3275c0d,gre,,137,0,0
d005c79a-1dff-402f-8552-d6eea7561b84,adaf4d7d-da5b-4a9f-b2b7-45074035f7f9,gre,,2,0,0
d3e20774-d214-4cdd-b9f3-8b2eb722f295,9a8f3905-08e1-47df-a376-12d3093c04bc,gre,,121,0,0
d88dea4d-f8cd-4f7f-89b6-c90fc22895b1,d4d68601-45d2-4ed9-9a22-f62b8645223d,gre,,4,0,0
dd33586b-e860-456f-862f-6e5077ab6fc8,6814a543-6ad2-4426-83bc-dd0740dc068a,gre,,18,0,0
e0f58a90-4acb-4a1b-bfa5-c1574757bf4e,6ef825a6-115f-4270-86ca-e3a818b13c14,gre,,20,0,0
e1f1caed-fc73-438f-ad9b-ba52fed4d338,f18bc442-8970-40dd-ad8e-a69f1733cc98,gre,,8,0,0
e60f5ca7-1c57-48d9-bd70-b0df047b5513,85d1052c-e23d-4ecb-bdba-16ebb8265237,gre,,7,0,0
ea0f417c-0c81-461b-a705-81ad4d2e62b0,04dc6fb8-2d9e-4739-9c71-1e3dc9ab6390,gre,,40,0,0
f6478ce0-8e28-44ec-9a87-810d37ca2aab,63dc291f-cabd-4689-9ec8-c0d935c6399e,gre,,95,0,0
f7506aa6-0a24-4a1d-b6d8-2582ca1f8c23,c9e8f307-e1d5-4c06-b464-ef5370ca1d6d,vlan,trunk,9,0,0
fad83f9c-fff2-4170-ba77-dcd63ecb1e88,9eb1cb96-7b96-4734-b99f-e2320fc4e475,gre,,9,0,0
fd961fc1-c324-49bc-8f53-629f0af064d8,b4f80478-cac6-49b2-9485-8d011dc9cb53,gre,,7,0,0
