network_id,dhcp_agent_id
04dc6fb8-2d9e-4739-9c71-1e3dc9ab6390,d72830f5-a71c-418d-8d47-ff23ef398336
05e04d8f-42ab-4610-845a-e50c515bf89a,d72830f5-a71c-418d-8d47-ff23ef398336
0a1d0a27-cffa-4de3-92c5-9d3fd3f2e74d,d72830f5-a71c-418d-8d47-ff23ef398336
18b03960-577f-49a4-be38-aafb4e05f3f3,d72830f5-a71c-418d-8d47-ff23ef398336
1e070f88-14f2-40ba-a79d-5a4eb023d88b,d72830f5-a71c-418d-8d47-ff23ef398336
259e350d-9ea5-4dc5-8a1c-4ab7deef9eec,d72830f5-a71c-418d-8d47-ff23ef398336
28bdd9ff-3e79-45ac-9831-f61a8ac71ab7,d72830f5-a71c-418d-8d47-ff23ef398336
2fd4865f-ed87-4b56-a1a3-8a20f3275c0d,d72830f5-a71c-418d-8d47-ff23ef398336
354ce497-50a3-42cc-9cd7-e6fe499f7211,d72830f5-a71c-418d-8d47-ff23ef398336
38bfcc47-5f4d-46c8-9596-fb3a69f64e1e,d72830f5-a71c-418d-8d47-ff23ef398336
4207d69c-903d-48d3-be48-debcb46b3241,d72830f5-a71c-418d-8d47-ff23ef398336
5b5cae96-6f01-43b4-865a-369382c484f3,d72830f5-a71c-418d-8d47-ff23ef398336
5ec0b65f-6115-4525-8093-a8ce01707624,d72830f5-a71c-418d-8d47-ff23ef398336
5f12d2ba-af34-45bf-8118-10fb41d6b5f7,d72830f5-a71c-418d-8d47-ff23ef398336
63dc291f-cabd-4689-9ec8-c0d935c6399e,d72830f5-a71c-418d-8d47-ff23ef398336
67d7ab01-c733-4391-9bf4-a6fdc7d11382,d72830f5-a71c-418d-8d47-ff23ef398336
6814a543-6ad2-4426-83bc-dd0740dc068a,d72830f5-a71c-418d-8d47-ff23ef398336
6ef825a6-115f-4270-86ca-e3a818b13c14,d72830f5-a71c-418d-8d47-ff23ef398336
76ce01f0-fa14-4a5d-9808-009709a72219,d72830f5-a71c-418d-8d47-ff23ef398336
7cde47d6-0ae4-4537-9120-444dc3920ff0,d72830f5-a71c-418d-8d47-ff23ef398336
82caefaf-7420-4122-80c4-92e46e9fd658,d72830f5-a71c-418d-8d47-ff23ef398336
84ba89ec-68fd-4257-80eb-a1c3a65ee594,d72830f5-a71c-418d-8d47-ff23ef398336
888bba77-ed12-40b4-a804-d24c88a731cc,d72830f5-a71c-418d-8d47-ff23ef398336
8ad137b5-cc2b-44c7-9db0-e4f81d978d0c,d72830f5-a71c-418d-8d47-ff23ef398336
92d37d16-07e5-4387-8ab0-ce4a90a998ea,d72830f5-a71c-418d-8d47-ff23ef398336
99d2d7a0-3a92-4f0d-8e2f-917201477f8b,d72830f5-a71c-418d-8d47-ff23ef398336
9a8f3905-08e1-47df-a376-12d3093c04bc,d72830f5-a71c-418d-8d47-ff23ef398336
9eb1cb96-7b96-4734-b99f-e2320fc4e475,d72830f5-a71c-418d-8d47-ff23ef398336
a4d00c60-f005-400e-a24c-1bf8b8308f98,d72830f5-a71c-418d-8d47-ff23ef398336
adaf4d7d-da5b-4a9f-b2b7-45074035f7f9,d72830f5-a71c-418d-8d47-ff23ef398336
b0c35168-dd4a-43db-9eaf-40f72529d8c8,d72830f5-a71c-418d-8d47-ff23ef398336
b3d6c27a-a9bb-4521-b5de-4d65eb7490dc,d72830f5-a71c-418d-8d47-ff23ef398336
b4f80478-cac6-49b2-9485-8d011dc9cb53,d72830f5-a71c-418d-8d47-ff23ef398336
c859d73e-68b1-47e2-a271-8e2c1cdc979d,d72830f5-a71c-418d-8d47-ff23ef398336
c9e8f307-e1d5-4c06-b464-ef5370ca1d6d,d72830f5-a71c-418d-8d47-ff23ef398336
cc0bf539-feba-46fe-a2e3-f04bfe1eef35,d72830f5-a71c-418d-8d47-ff23ef398336
d1419216-65f6-4bba-bd77-f35850328822,d72830f5-a71c-418d-8d47-ff23ef398336
d4d68601-45d2-4ed9-9a22-f62b8645223d,d72830f5-a71c-418d-8d47-ff23ef398336
d8d71cfe-9924-4521-9c23-e0eb4ec92747,d72830f5-a71c-418d-8d47-ff23ef398336
dfdf2f92-8c4b-4a49-9641-4d5d77fa135b,d72830f5-a71c-418d-8d47-ff23ef398336
ee45c397-e436-4b5e-b9ee-113bfbf4ffd0,d72830f5-a71c-418d-8d47-ff23ef398336
f185f951-64c6-4d2e-b412-1504f800e20b,d72830f5-a71c-418d-8d47-ff23ef398336
f18bc442-8970-40dd-ad8e-a69f1733cc98,d72830f5-a71c-418d-8d47-ff23ef398336
f29a09a3-0e98-498f-8493-ac69378220a0,d72830f5-a71c-418d-8d47-ff23ef398336
fe178706-9942-4600-9224-b2ae7c61db71,d72830f5-a71c-418d-8d47-ff23ef398336
