provider_name,resource_id
haproxy,03345c1a-c879-4747-9707-642b724a2880
haproxy,0367b35b-023b-41d5-816b-359b3bcbdd8e
haproxy,098c7421-cdfc-4fc4-add6-22eb7397991d
haproxy,0db7d6cc-266d-44b8-974f-5b54be846520
haproxy,0de08921-d5b6-43d7-8b19-b46bf4518f41
haproxy,1898164a-5d07-4b87-8fd1-763550553e9c
haproxy,1d5d7f36-429a-4d34-8628-dd1793c3e539
haproxy,1ed1c642-778b-4f04-ae6d-f23f186f0a76
haproxy,213fccb5-6482-4c4b-b66a-06a1eb283331
haproxy,219a0321-b075-4992-b907-cdc052ba7d5b
haproxy,24afca2d-35b7-4188-99c7-56d9db33f2a6
haproxy,3995ac2a-8013-4bf3-8eb2-3fe47d824621
haproxy,512a3faf-0374-4ef6-b0a7-c31dd9dc01a7
haproxy,5c8a72f2-b927-4fe7-a6ab-489edc3348b5
haproxy,615dc462-9f81-414d-a3f2-108afbb9ace3
haproxy,6f6557de-545d-4242-a7a4-eb18b3eba88f
haproxy,70c1dd6a-1752-42a8-b1a5-7d6db5e4c36d
haproxy,77b0987a-bd68-41c2-833a-edff5c6e4343
haproxy,79be7c5c-b5da-4ffc-a71f-29653c653375
haproxy,878708ed-156c-427e-a288-1513c5524127
haproxy,90859f12-1210-4eb3-ace9-9b3ab9dc471b
haproxy,91a83a07-6089-4342-93e4-79ac1ddb0c63
haproxy,9b12bbb8-e9af-49fd-a65c-3ae02b59c1ed
haproxy,a24e0ac1-bb96-4da2-a506-59ffb49dfc4c
haproxy,a77dc8fd-7a03-4094-8f00-91d110e076a3
haproxy,b2be8c4c-51ad-4838-b7c9-0190ff379a36
haproxy,b3ee1212-1d44-491d-83c1-511232a9cd41
haproxy,c6e81aa9-ec9f-4942-b94e-1b3830b0139f
haproxy,c7d33358-67e9-407f-91b4-241f2584e242
haproxy,ca3244b6-62ca-41bc-bb2c-4b16d38a5651
haproxy,cf9bb245-a534-44d6-957d-fd8eb06b56db
haproxy,dcbf3c66-e1ef-4d02-b454-85aabe91f5ae
haproxy,e6bc1f83-21c8-4ff6-8996-49ac8cf4f202
haproxy,ec1378ff-2037-454e-96a1-05d5b49ec898
haproxy,ed1c2c08-165d-413b-805f-2bdacfef89a6
haproxy,edadc2bf-fea4-4dd0-9ca3-6709b140f560
haproxy,f072847e-4f40-46dd-9d65-dbb00a3c6b52
haproxy,f07300df-e29d-4f56-9315-d358fedcb2ff
