tenant_id,resource,dirty,in_use,reserved
0043e52493714a3a82af7caca8081e34,port,1,1,0
008d8d81335240fcb255b268f8562c22,port,1,2,0
008d8d81335240fcb255b268f8562c22,security_group,0,1,0
015e48e3990d4a788925c5798d358d4f,port,0,1,0
015e48e3990d4a788925c5798d358d4f,security_group,0,2,0
024e59017fc444a79b86a7a7bc955b59,port,0,1,0
02c3a636066b45faa84760bbaa76d8a8,port,0,1,0
0443563c3162495bb4d77e7cdb356476,port,1,3,0
0443563c3162495bb4d77e7cdb356476,security_group,0,6,0
04451ef4e8ce42bc8f2f590fed8177da,port,0,1,0
04451ef4e8ce42bc8f2f590fed8177da,security_group,0,2,0
04f203c6fa3244628714f851f3aceaa4,port,1,1,0
04f203c6fa3244628714f851f3aceaa4,security_group,0,1,0
05e13bdfc81c40a88f53e63ee6b48ca0,port,0,1,0
05e13bdfc81c40a88f53e63ee6b48ca0,security_group,0,3,0
060d1fbdb3d94a22b10f4c002ce22260,port,1,9,0
07c9e0afeeb648d3830ba68ca84f595e,port,0,1,0
0818de173fd9415ba3928cb446d742a7,port,0,1,0
0818de173fd9415ba3928cb446d742a7,security_group,0,2,0
0862b6bf68604444bbc2977d93f850ee,port,0,9,0
0862b6bf68604444bbc2977d93f850ee,security_group,0,2,0
0869d84607844ffc9aa2a0a72a8cc4c0,port,0,5,0
0869d84607844ffc9aa2a0a72a8cc4c0,security_group,0,3,0
08a5710919764215ad1b2c98dc7a8112,port,0,4,0
08f5552e94564f07a62a02c20df7e6ca,port,0,28,0
08f5552e94564f07a62a02c20df7e6ca,security_group,0,5,0
097c9be2b4504339aa5de1824a1e6ccf,port,1,1,0
097c9be2b4504339aa5de1824a1e6ccf,security_group,0,1,0
098201f62257495c9d7b47cde06a0a33,port,0,1,0
098201f62257495c9d7b47cde06a0a33,security_group,0,2,0
09ad05432f914e26bc417bf58f1cb4d2,floatingip,0,0,0
09ad05432f914e26bc417bf58f1cb4d2,network,0,5,0
09ad05432f914e26bc417bf58f1cb4d2,port,0,10,0
09ad05432f914e26bc417bf58f1cb4d2,security_group,0,35,0
09ad05432f914e26bc417bf58f1cb4d2,subnet,0,5,0
0a00c267d00e44a9b556ed5876aaec66,port,1,1,0
0acd1d2265574271bf8197271a95e0b3,security_group,0,1,0
0c3d817086194fae9047692bb728876d,port,0,1,0
0c5f2632234a4e7c8c0ed04720074d79,port,1,1,0
0c5f2632234a4e7c8c0ed04720074d79,security_group,0,2,0
0cbc99bd30d24cbead943bf75c2f89e7,port,0,1,0
0cbc99bd30d24cbead943bf75c2f89e7,security_group,0,1,0
0d40572228a84adfbeea3e23e2ede8b9,port,0,7,0
0d40572228a84adfbeea3e23e2ede8b9,security_group,0,3,0
0dc175871e05482b9aff22616534c199,port,0,5,0
0f49d464541d4427ad6d131a7cfeb703,port,0,1,0
0f49d464541d4427ad6d131a7cfeb703,security_group,0,2,0
0fa035c7b9964923b6aacc3bedc2de40,security_group,0,1,0
0fe66cd253784d7ba12cd2e84ecbee6f,port,1,1,0
1140b46602e84c47838f707b060d6fd2,port,1,1,0
1334b61c5c264d52b76e08bfbdf7d880,port,1,1,0
1334b61c5c264d52b76e08bfbdf7d880,security_group,0,2,0
1360a390e6ba41e6ad65f23ebff9281c,port,0,1,0
13f933736c0c41fbae7e8dbcb3b264f7,port,1,1,0
154aba912e4a43a4a64e5f5afdf7faf7,port,0,1,0
156e10e285984a3a8198e02d4027c8ee,port,1,1,0
156e690246504b8fa38d425c15581894,port,0,1,0
156e690246504b8fa38d425c15581894,security_group,0,2,0
1656a2053b134afb94e612131220e828,port,0,1,0
1656a2053b134afb94e612131220e828,security_group,0,1,0
17bb7dd6e6d14c80bad65988c984e12f,port,0,1,0
17bb7dd6e6d14c80bad65988c984e12f,security_group,0,2,0
17ea94ad74b64b9d92f4888336a598c7,network,0,3,0
17ea94ad74b64b9d92f4888336a598c7,port,0,602,0
17ea94ad74b64b9d92f4888336a598c7,security_group,0,7,0
17ea94ad74b64b9d92f4888336a598c7,subnet,0,3,0
190ad02e1faa494a8ab7153c6d2e56c1,port,0,19,0
190ad02e1faa494a8ab7153c6d2e56c1,security_group,0,2,0
19755cd268b54e4dbb6c66ba7b3615db,port,1,2,0
19755cd268b54e4dbb6c66ba7b3615db,security_group,0,4,0
19ee22690eb940dd8ee351efa7430d1a,port,0,3,0
19ee22690eb940dd8ee351efa7430d1a,security_group,0,4,0
1aae92d87db14d6fa21324f9cb96f5bd,port,0,1,0
1b11f30ccf474e04a3fae436d64dcc95,port,0,2,0
1b11f30ccf474e04a3fae436d64dcc95,security_group,0,1,0
1c824839d5d545da84f30a124abe3449,port,0,0,0
1d48ed3ca9ed41d99f777238ab01e91f,port,1,4,0
1d48ed3ca9ed41d99f777238ab01e91f,router,1,1,0
1d48ed3ca9ed41d99f777238ab01e91f,security_group,0,4,0
1de648fc36894414ba9e5179cd33894b,port,0,1,0
1de648fc36894414ba9e5179cd33894b,security_group,0,2,0
1e493deb9ed94c68a3e948747a1a4ae4,port,0,1,0
1e5e8c562fca459d842f6849b3e3018e,port,1,1,0
1e5e8c562fca459d842f6849b3e3018e,security_group,0,1,0
1e9f8880413d4deea51da2fb46434c9e,port,1,1,0
1f8d5ace7ad94ab4a5fe8b608c700545,port,0,3,0
1f8d5ace7ad94ab4a5fe8b608c700545,security_group,0,1,0
2044c16f0bde4672842c070b18c4fb0c,port,0,3,0
2044c16f0bde4672842c070b18c4fb0c,security_group,0,1,0
2160dff3f28c4a368d52fd373abdba78,port,0,1,0
2160dff3f28c4a368d52fd373abdba78,security_group,0,3,0
216dd828c11843c393450951a04275c4,port,1,1,0
21f6a0691bf94bc1a290a79cf9a96d8e,port,1,1,0
21f6a0691bf94bc1a290a79cf9a96d8e,security_group,0,2,0
22198a26210d4204978593a6c1a4cfdb,port,0,2,0
22198a26210d4204978593a6c1a4cfdb,security_group,0,1,0
2225894827c04000a2b8e087256dacc7,port,1,5,0
2225894827c04000a2b8e087256dacc7,security_group,0,4,0
227c91d0b9ab46da8998946c1035e121,port,0,1,0
227c91d0b9ab46da8998946c1035e121,security_group,0,2,0
228d8812934a49e6b0ea300b96ee80d4,port,0,1,0
22c20bb026fa4a39b0eb40244fa9bed0,port,1,1,0
22c20bb026fa4a39b0eb40244fa9bed0,security_group,0,2,0
22cd796f918c4e1b849e37160c36a74b,port,0,2,0
22cd796f918c4e1b849e37160c36a74b,security_group,0,1,0
238eca7d3cf047bdbf63410998e17994,port,1,1,0
260cb7e36fbb4047bd514913e1b508d1,port,0,4,0
260cb7e36fbb4047bd514913e1b508d1,security_group,0,1,0
261787f9377a480aa1890a13e439bb89,port,0,1,0
261787f9377a480aa1890a13e439bb89,security_group,0,1,0
2631ea26a32241839fef907fba81ed27,port,0,1,0
26a611ffe8984bf99e5fe0f4cf1d0b06,port,0,1,0
27a745474b1e4af2a5fbbd1a72657c53,port,0,1,0
27a745474b1e4af2a5fbbd1a72657c53,security_group,0,3,0
27e0fa5706d8438ba6769622f8bcfb53,security_group,0,1,0
28e9f0642b174e3ca8f362e47a4422bf,port,0,3,0
28e9f0642b174e3ca8f362e47a4422bf,security_group,0,6,0
292c70904ce7415c8626f801bbf1ed0c,port,0,8,0
292c70904ce7415c8626f801bbf1ed0c,security_group,0,10,0
298e3ba944e54e6b8d13de4228d93f1b,port,0,4,0
298e3ba944e54e6b8d13de4228d93f1b,security_group,0,3,0
2ac7dabc9d634de2aec8e134447846c3,port,0,1,0
2ac7dabc9d634de2aec8e134447846c3,security_group,0,2,0
2afb7b8f496b4774a6c821229145a040,port,0,1,0
2afb7b8f496b4774a6c821229145a040,security_group,0,2,0
2b0612b677df42b59f7ff08c9753365e,port,0,1,0
2b0612b677df42b59f7ff08c9753365e,security_group,0,2,0
2c94c796b6dc4d80902a7f3fe621dce7,port,1,1,0
2d785edfc0264c23a0de8220c795ee01,port,0,2,0
2d785edfc0264c23a0de8220c795ee01,security_group,0,2,0
2e10d2186b23471d94f6f465d49b8581,port,1,2,0
2fcb36773f3942378a17ae7c968e3c5d,port,0,8,0
2fcb36773f3942378a17ae7c968e3c5d,security_group,0,1,0
3008a142e9524f7295b06ea811908f93,port,0,235,0
3008a142e9524f7295b06ea811908f93,security_group,0,29,0
303f834ed32b4ab9b54f15b6f312914b,port,0,1,0
305f4aed8329424fb988102d80100c18,port,0,1,0
306dd35d8fb24684ba344fd03563d585,security_group,0,1,0
316b26d093f64edd8e3506b5ce6c373f,port,0,1,0
316b26d093f64edd8e3506b5ce6c373f,security_group,0,1,0
31d464e0f7814ec88b2bbb31f4bfacd7,port,1,1,0
31d464e0f7814ec88b2bbb31f4bfacd7,security_group,0,2,0
322d4717bb5841e5a5aa92968c1a0b9a,port,0,2,0
322d4717bb5841e5a5aa92968c1a0b9a,security_group,0,1,0
32f710e093f547a4b832268ec3c08abc,port,0,1,0
33703d14a045413b9ab3fdebe30d2570,port,0,1,0
347e25c219354db38c6662e4ab9a9c84,port,0,7,0
347e25c219354db38c6662e4ab9a9c84,security_group,0,4,0
349c4a7f6a7e4c26b544d9122b2f88fa,port,0,1,0
349c4a7f6a7e4c26b544d9122b2f88fa,security_group,0,1,0
34c8d5cd44cc4b179c27892ec7596364,port,0,7,0
34c8d5cd44cc4b179c27892ec7596364,security_group,0,9,0
34f87362758043a98ea19c5a5e9217c9,port,0,21,0
34f87362758043a98ea19c5a5e9217c9,security_group,0,6,0
356969d4f91b4b19ab7264f5dd19476d,port,0,4,0
356969d4f91b4b19ab7264f5dd19476d,security_group,0,7,0
36d86df61c84407f910542e63afd529f,port,0,1,0
36d86df61c84407f910542e63afd529f,security_group,0,5,0
37cd5113b0b84a47a0a7890a9b85598a,port,0,1,0
37e7f3b1a82c4decb8853d8921a1fd70,port,1,1,0
37e7f3b1a82c4decb8853d8921a1fd70,security_group,0,2,0
3899a62c99ea4f0cb6cd01643dc10474,port,1,1,0
3899a62c99ea4f0cb6cd01643dc10474,security_group,0,2,0
399608548ca641afbbd78739531bee50,port,0,2,0
399608548ca641afbbd78739531bee50,security_group,0,3,0
39f988b0c06540b8ac104982e89c4c1e,port,0,2,0
39f988b0c06540b8ac104982e89c4c1e,security_group,1,9,0
3a1805a63be848e3ae31463e3cd89352,port,0,2,0
3a3dd8971d2e4f6abf826e5dd0362895,network,0,1,0
3a3dd8971d2e4f6abf826e5dd0362895,port,0,21,0
3a3dd8971d2e4f6abf826e5dd0362895,router,0,1,0
3a3dd8971d2e4f6abf826e5dd0362895,security_group,0,16,0
3a3dd8971d2e4f6abf826e5dd0362895,subnet,0,1,0
3a82984c7e4d484297f42d283bdc18ed,port,0,1,0
3a8a2c70884d474aa1d3aeebeb800f7e,port,1,1,0
3a8a2c70884d474aa1d3aeebeb800f7e,security_group,0,2,0
3b0e5387b93f40779535770a93a4cb3a,port,0,2,0
3b0e5387b93f40779535770a93a4cb3a,security_group,0,2,0
3b56f9bddbcf470b9a620f537fff7c72,port,0,2,0
3be6c8b9f95842198466a9c673404768,port,0,15,0
3be6c8b9f95842198466a9c673404768,security_group,0,9,0
3c0c9fa6bb85454784416297a250be7a,port,0,4,0
3c0c9fa6bb85454784416297a250be7a,security_group,0,2,0
3c56c60aeee74842bca07167f0fa153a,port,0,5,0
3ce19dd20b134fdfb8a6fdc2eb526992,port,1,3,0
3ce19dd20b134fdfb8a6fdc2eb526992,security_group,0,1,0
3cfac786b36a4bb18f523f6be739ae71,port,0,2,0
3cfac786b36a4bb18f523f6be739ae71,security_group,0,2,0
3d31603c63904a9a860ecee8bbca5cfd,port,0,0,0
3d3ba2883f4c4e34bcd98b4443542a72,port,0,2,0
3d3ba2883f4c4e34bcd98b4443542a72,security_group,0,2,0
3e12e5999bc247da99e93cb4a43270f3,port,0,3,0
3e12e5999bc247da99e93cb4a43270f3,security_group,0,2,0
3feac54151724b028fe5dacf136d75c1,port,0,1,0
3feac54151724b028fe5dacf136d75c1,security_group,0,1,0
41875d895b664602869cdab371081dc3,port,1,3,0
42216cdbc3bc4267be4d34bc2e7c8755,port,0,1,0
43909874d24c4fb5a1b64930c18ce8d9,port,0,1,0
43909874d24c4fb5a1b64930c18ce8d9,security_group,0,2,0
43b043bf9eb641f4ba451b47ac5e09a3,port,0,1,0
43b043bf9eb641f4ba451b47ac5e09a3,security_group,0,2,0
448f3393f5b740b7801c69538168b1e5,port,1,1,0
448f3393f5b740b7801c69538168b1e5,security_group,0,3,0
45f3ce6c638c4c7c868476a7c3954f29,port,0,1,0
4686af23eca148a58a9bb43ab0340283,port,0,1,0
475bdaf8058f4023944fc4b9ed843019,port,0,1,0
475bdaf8058f4023944fc4b9ed843019,security_group,0,2,0
47c0857cf5b5452a86f640fd44be1d40,port,0,0,0
47c0857cf5b5452a86f640fd44be1d40,security_group,0,24,0
47d5fc1ca0844268a4a5a24d11303856,port,1,1,0
47d5fc1ca0844268a4a5a24d11303856,security_group,0,2,0
4c3bb2f39e6f4c908f565f8ea0a69799,port,1,2,0
4c3bb2f39e6f4c908f565f8ea0a69799,security_group,0,2,0
4cae807de29744d4a729d94154c1e2dc,port,0,1,0
4cae807de29744d4a729d94154c1e2dc,security_group,0,2,0
4ce5b212366741a79bf884561a73d3a7,port,0,23,0
4ce5b212366741a79bf884561a73d3a7,security_group,0,8,0
4cf856f18fb84cc58c40a6d898a1d984,port,0,2,0
4e101cf5264b4e739b7b5ebe0f6b5c68,port,1,32,0
4e101cf5264b4e739b7b5ebe0f6b5c68,security_group,0,12,0
4e7e31906cfd496b82a9ea5d2edb8dab,port,0,3,0
4e7e31906cfd496b82a9ea5d2edb8dab,security_group,0,4,0
4f573f21f8694123af1983990d7c670a,port,0,2,0
4f573f21f8694123af1983990d7c670a,security_group,0,2,0
505f01782d3a4b278d5ff833cb9b7b07,port,0,1,0
511b92a30c424d7a883add1e2c68fca0,port,0,20,0
511b92a30c424d7a883add1e2c68fca0,security_group,0,6,0
51415f8df5d64f9b8217ab26273a90fb,port,1,1,0
5243327073fe4f2ba20f90ff315d3bdd,port,1,6,0
529e60e363d64d79be06a9efff866959,port,1,1,0
529e60e363d64d79be06a9efff866959,security_group,0,2,0
53aeef9e1128492389b9c9e6e96e18d3,port,0,8,0
53aeef9e1128492389b9c9e6e96e18d3,security_group,0,2,0
543cb009d2a54613a9cb589bd4b9fc62,port,1,1,0
543cb009d2a54613a9cb589bd4b9fc62,security_group,0,2,0
54c41077af3d4b758487a809ade2b055,network,1,36,0
54c41077af3d4b758487a809ade2b055,port,1,5,0
54c41077af3d4b758487a809ade2b055,security_group,0,2,0
54c41077af3d4b758487a809ade2b055,subnet,1,36,0
54d15fcd27d34ed8a09b73890bfa5406,port,1,1,0
54d15fcd27d34ed8a09b73890bfa5406,security_group,0,3,0
569021476af34dccb394e558a2be438f,port,1,1,0
56a23b6f58c34e9f98c9fd2cc6e6ce86,port,0,1,0
56a23b6f58c34e9f98c9fd2cc6e6ce86,security_group,0,5,0
58034159195e4b77b18c2e20e44d4462,port,0,5,0
58034159195e4b77b18c2e20e44d4462,security_group,0,7,0
5821a61a2e534d8591673cf1c2342e30,port,0,1,0
5821a61a2e534d8591673cf1c2342e30,security_group,0,2,0
5852857fda6c40f4be550f974a19355c,security_group,0,1,0
5887c3a9f48b4cd1b438a0d15d39ade3,port,1,0,0
5887c3a9f48b4cd1b438a0d15d39ade3,security_group,0,2,0
59c662d4b4fa4d93b6b0095d5ef4fc42,port,1,1,0
59c662d4b4fa4d93b6b0095d5ef4fc42,security_group,0,1,0
5a441c283e6542de8a42c0651a9629db,port,0,1,0
5ae34f5a5ad843fbb8c370c99b66304b,port,0,1,0
5ae34f5a5ad843fbb8c370c99b66304b,security_group,0,2,0
5b845b56f7264cc2bdf0ac4ec4e34108,port,1,3,0
5b845b56f7264cc2bdf0ac4ec4e34108,security_group,1,7,0
5b92ec1146d04f9091ab48b6cdba3eff,network,0,0,0
5b92ec1146d04f9091ab48b6cdba3eff,port,0,4,0
5b92ec1146d04f9091ab48b6cdba3eff,router,0,0,0
5b92ec1146d04f9091ab48b6cdba3eff,security_group,0,4,0
5b92ec1146d04f9091ab48b6cdba3eff,subnet,0,0,0
5bbb932f95a349c5a3ddd53dd0764149,port,0,1,0
5bbb932f95a349c5a3ddd53dd0764149,security_group,0,2,0
5be496da5bc24864aad0756176f4f71d,port,1,2,0
5ca3fc45699e465dba61479b1817f655,port,0,1,0
5ca3fc45699e465dba61479b1817f655,security_group,0,2,0
5d5966b038e347a58022e63db912366e,port,0,5,0
5d6c3c23428b41b58771bec91b1b3a1c,port,0,1,0
5d6c3c23428b41b58771bec91b1b3a1c,security_group,0,2,0
5e2aa0d6d9494280b0f54a7df6785672,port,0,1,0
5e2aa0d6d9494280b0f54a7df6785672,security_group,0,1,0
5e2dd9df9f674282acfd113e380ce75c,port,0,1,0
5e35676c2c6947f29e1402b31c5b87a7,port,0,2,0
5e35676c2c6947f29e1402b31c5b87a7,security_group,0,3,0
5fb2df3c80e843bfa7b2867a83cbc3e4,port,0,5,0
5fb2df3c80e843bfa7b2867a83cbc3e4,security_group,0,2,0
5fea2ac1593844778bd57448717fe6fb,port,0,1,0
5fea2ac1593844778bd57448717fe6fb,router,0,1,0
5fea2ac1593844778bd57448717fe6fb,security_group,0,2,0
612321cbac3c4aa6b357dea8a9b8c55a,port,0,1,0
612321cbac3c4aa6b357dea8a9b8c55a,security_group,0,3,0
61849d09cfb24cf09ce4a9012f957cc9,port,0,3,0
61849d09cfb24cf09ce4a9012f957cc9,security_group,0,2,0
62540d57c5a94cfdb9235ec313eb62c8,port,0,1,0
62540d57c5a94cfdb9235ec313eb62c8,security_group,0,2,0
629cdb2191634719a8c97c8aaca2f5b1,port,0,1,0
629cdb2191634719a8c97c8aaca2f5b1,router,1,1,0
629cdb2191634719a8c97c8aaca2f5b1,security_group,0,1,0
62f1bd6e54e141f6abc0e78e51415269,port,0,1,0
62f1bd6e54e141f6abc0e78e51415269,security_group,1,1,0
6374971be3e5445b9cfcda6659186fab,port,0,1,0
6374971be3e5445b9cfcda6659186fab,security_group,0,1,0
63a1ec4573cf4a6d9dca672c627fdd53,port,1,3,0
63a1ec4573cf4a6d9dca672c627fdd53,security_group,0,7,0
643bb4c4e4f04a3bae871466ac74ceed,port,1,1,0
643bb4c4e4f04a3bae871466ac74ceed,security_group,0,1,0
644720b8477543bf93e20fe3cd7e7dea,port,0,13,0
644720b8477543bf93e20fe3cd7e7dea,security_group,0,2,0
65b4e7788e874bc4bbe862890c1191d6,port,0,3,0
65b4e7788e874bc4bbe862890c1191d6,security_group,0,2,0
6621440b59694e8996f41249ec11d51a,port,1,3,0
6621440b59694e8996f41249ec11d51a,security_group,0,3,0
66972b7c64024318aabf3f6e7aabc45c,port,0,1,0
66972b7c64024318aabf3f6e7aabc45c,security_group,0,2,0
66cc9a65d8e54de7b1a2e1c6d631af79,port,0,1,0
674f185bf5dc421a9c3fe213bd31673e,port,0,1,0
674f185bf5dc421a9c3fe213bd31673e,security_group,0,1,0
6765f014b80143899be62fbba014497e,port,1,1,0
6765f014b80143899be62fbba014497e,security_group,0,1,0
6790bdc54ef84195b4d1e7df6642d968,port,0,1,0
6790bdc54ef84195b4d1e7df6642d968,router,0,1,0
6790bdc54ef84195b4d1e7df6642d968,security_group,0,1,0
67a54336173d461ba0b569024c983436,port,1,3,0
67a54336173d461ba0b569024c983436,security_group,0,2,0
67fce7b6cdc440c092936878a670a3fb,port,1,1,0
67fce7b6cdc440c092936878a670a3fb,security_group,0,1,0
68846893568146f1b56a16747b400b5e,port,0,1,0
68846893568146f1b56a16747b400b5e,security_group,0,3,0
68e42f31f5024ece88376a1ba96519a5,port,1,1,0
68e42f31f5024ece88376a1ba96519a5,security_group,0,2,0
699dab89c971451c99997c67b847182f,port,0,1,0
699dab89c971451c99997c67b847182f,security_group,0,2,0
69e2380d3352426381f126222a8d7794,port,0,1,0
69e2380d3352426381f126222a8d7794,security_group,0,4,0
69ffed1aa2cb42b68ddacff8cb2ad0f6,port,0,1,0
69ffed1aa2cb42b68ddacff8cb2ad0f6,security_group,0,2,0
6ac01ad8083944438adf7e4a234721db,port,0,1,0
6ac01ad8083944438adf7e4a234721db,security_group,0,2,0
6c5195dbc73149188b93eacf1daa1237,port,1,1,0
6c8e4f102b014f09af88e34ca06139bd,port,0,2,0
6cd7ef0ce0f747eeab070cbc39305c28,port,0,1,0
6cd7ef0ce0f747eeab070cbc39305c28,security_group,0,1,0
6d6c7d5bd316434890479936d2076efb,port,0,1,0
6d6c7d5bd316434890479936d2076efb,security_group,0,1,0
6dd056cec9224f98978f3d4efd2f6722,port,0,2,0
6dd056cec9224f98978f3d4efd2f6722,security_group,0,2,0
6decb500027741fe84871c8739925b26,port,0,1,0
6f5103a9ae434375a92a1de24a19ca56,port,0,5,0
6f5103a9ae434375a92a1de24a19ca56,security_group,0,10,0
6f9adccbd03e4d2186756896957a14bf,network,0,2,0
6f9adccbd03e4d2186756896957a14bf,port,1,4,0
6f9adccbd03e4d2186756896957a14bf,subnet,0,2,0
6fa317996c5e4122903c7aca370f5f3e,port,0,2,0
6fa317996c5e4122903c7aca370f5f3e,security_group,0,6,0
6fd31ef7c5d9462f94e48435ff9f5a57,port,0,1,0
6fd31ef7c5d9462f94e48435ff9f5a57,security_group,0,3,0
7040a53ed9f046ff8ff29a8723ef39e5,port,0,1,0
7040a53ed9f046ff8ff29a8723ef39e5,security_group,0,1,0
70b2507b8cc44fcb917ddfb85f5079d9,network,0,3,0
70b2507b8cc44fcb917ddfb85f5079d9,port,0,168,0
70b2507b8cc44fcb917ddfb85f5079d9,router,0,1,0
70b2507b8cc44fcb917ddfb85f5079d9,security_group,0,47,0
70b2507b8cc44fcb917ddfb85f5079d9,subnet,0,3,0
71322eb9ba804fc4ae74cefde3ad0742,port,1,1,0
71322eb9ba804fc4ae74cefde3ad0742,security_group,0,4,0
717cc16840494e8795e2ee25c46fe797,network,0,0,0
717cc16840494e8795e2ee25c46fe797,port,1,1,0
717cc16840494e8795e2ee25c46fe797,security_group,0,5,0
717cc16840494e8795e2ee25c46fe797,subnet,0,0,0
7202a43be6fa4aec8387216260a4fae7,port,0,1,0
7202a43be6fa4aec8387216260a4fae7,security_group,0,3,0
727fcd7fcfde441aaaced790d46b95d2,port,0,1,0
727fcd7fcfde441aaaced790d46b95d2,security_group,0,1,0
7289f5dbbb294daf9aa1bb015ac13e76,port,1,1,0
7289f5dbbb294daf9aa1bb015ac13e76,security_group,0,2,0
734423d02a724aca891507bb4d858975,port,1,1,0
734423d02a724aca891507bb4d858975,security_group,0,2,0
7381ecbe21d943388aa9f586b6638c1c,port,0,2,0
7381ecbe21d943388aa9f586b6638c1c,security_group,0,3,0
73a1352d07ea4546aa71c3be1a506802,port,0,1,0
73a1352d07ea4546aa71c3be1a506802,security_group,0,3,0
7405f9b06504483996558c9f3c355149,port,0,9,0
7405f9b06504483996558c9f3c355149,security_group,0,6,0
753d0f0bffff43b7b551111150ca7bfb,port,0,1,0
761b656537f541fb9f3ddf5bb6a20486,port,0,3,0
764aa6135f344f95b65a22af1e19da3c,port,1,5,0
764aa6135f344f95b65a22af1e19da3c,security_group,0,5,0
7691c9955ce1444ab366d041f5bdf33c,network,0,1,0
7691c9955ce1444ab366d041f5bdf33c,port,0,2,0
7691c9955ce1444ab366d041f5bdf33c,subnet,0,0,0
7705adbe5221408f845e3bb10b6de471,port,0,13,0
783002d0e6ad46ea9be1a6737ea40229,port,1,3,0
783002d0e6ad46ea9be1a6737ea40229,security_group,0,4,0
787434d7e1bd4b14a86c6790858f52fb,port,1,1,0
787434d7e1bd4b14a86c6790858f52fb,security_group,0,2,0
787dde05a3b1498fae3e25110b6f3885,port,0,1,0
787dde05a3b1498fae3e25110b6f3885,security_group,0,10,0
7a181edd897b49718214040da2b8ad95,port,1,2,0
7a181edd897b49718214040da2b8ad95,security_group,0,2,0
7ab3a43d5b86462996112bb62bab39cd,network,1,3,0
7ab3a43d5b86462996112bb62bab39cd,port,0,0,0
7ab3a43d5b86462996112bb62bab39cd,router,0,0,0
7ab3a43d5b86462996112bb62bab39cd,security_group,0,1,0
7ab3a43d5b86462996112bb62bab39cd,subnet,1,3,0
7b490336995d44f0b1d20eb4b1804094,port,0,2,0
7c1c482a82944573802ae3d340dcfc2b,port,1,2,0
7c1c482a82944573802ae3d340dcfc2b,security_group,0,3,0
7d9c9f0090ed47789665fa7c16b08f2f,port,1,2,0
7d9c9f0090ed47789665fa7c16b08f2f,security_group,0,2,0
7db950f59c6445b4b618e3b012509ed0,port,0,1,0
7ed59f0d11874375894360474c94de07,port,0,1,0
7ed59f0d11874375894360474c94de07,security_group,0,2,0
7f04197693df48ce97c8f815a6bda8aa,port,0,3,0
7f04197693df48ce97c8f815a6bda8aa,security_group,0,4,0
7f22435321d8472db2b56b6b28be91ad,port,1,8,0
7f22435321d8472db2b56b6b28be91ad,security_group,0,1,0
7f2d4d0310f04969afaf6271c08e1e2c,port,0,1,0
7f2e6a96bc854c3dbeba931cc2fa83a2,port,1,1,0
7f2e6a96bc854c3dbeba931cc2fa83a2,security_group,0,1,0
7f90e41e2e7a4f5f805e5c81f3994f6d,port,1,1,0
7f90e41e2e7a4f5f805e5c81f3994f6d,security_group,0,4,0
8083447923734c679b261219b815d3bc,port,0,6,0
8083447923734c679b261219b815d3bc,security_group,0,6,0
809580eba9ea41eeacae72b0017223a4,port,0,1,0
809580eba9ea41eeacae72b0017223a4,security_group,0,2,0
809c6f32e1f84a5bbdaf905685a0b4f3,network,0,1,0
809c6f32e1f84a5bbdaf905685a0b4f3,port,1,35,0
809c6f32e1f84a5bbdaf905685a0b4f3,security_group,0,3,0
809c6f32e1f84a5bbdaf905685a0b4f3,subnet,0,1,0
80bde8a3e9e14006b2d9c9c53d5f36fa,port,0,2,0
80bde8a3e9e14006b2d9c9c53d5f36fa,security_group,0,2,0
82ac233eae944da39918bc36f6670276,port,0,1,0
82ac233eae944da39918bc36f6670276,security_group,0,1,0
82cb4f8105d544fba68a82cc75451ebf,port,1,1,0
82de100018104d888f96dfd3faacd6df,port,0,1,0
82de100018104d888f96dfd3faacd6df,security_group,0,1,0
8333a6a4e59343eda8957cd61da9f0e6,port,0,2,0
8333a6a4e59343eda8957cd61da9f0e6,security_group,0,3,0
83707b8bd5b64b1c9285b33557b093e1,port,0,1,0
83707b8bd5b64b1c9285b33557b093e1,security_group,0,2,0
84d0ab8dd0b44f61981e4dc218daab3f,port,1,3,0
84d0ab8dd0b44f61981e4dc218daab3f,security_group,0,3,0
85011d8c34614b66aa533ba6ffd21486,port,1,1,0
8514ce71165744a993b4c924324707b3,port,0,2,0
8514ce71165744a993b4c924324707b3,security_group,0,5,0
8520044b53d54cd0beff520e0eaccb7e,port,0,1,0
856e29449a7543efb79274a845984db5,security_group,0,1,0
859f91115bb943dcbc83e48a401ebe99,port,1,1,0
859f91115bb943dcbc83e48a401ebe99,security_group,0,1,0
85b928765b6e4d07acf811833a763de4,port,1,16,0
85b928765b6e4d07acf811833a763de4,security_group,0,5,0
85ef5415b8e84d29ab837c52e93bcb97,port,0,1,0
85ef5415b8e84d29ab837c52e93bcb97,security_group,0,2,0
86b701bd3d7541aa8ee730f055725868,port,0,1,0
86e5b08d45744aa79d0529e2ce79869b,security_group,0,1,0
8760f3081f20435e91be05d5389fa025,port,0,6,0
8760f3081f20435e91be05d5389fa025,security_group,0,6,0
87a3a85e5a514b0eb2ffcd82f1b4e608,port,1,1,0
87a3a85e5a514b0eb2ffcd82f1b4e608,security_group,0,2,0
87dd3d7757d845c1a377d98c9ee6d035,port,0,2,0
87dd3d7757d845c1a377d98c9ee6d035,security_group,0,2,0
8977ef5d45f74e7290c10832c324ab99,port,0,3,0
8977ef5d45f74e7290c10832c324ab99,security_group,0,4,0
89db7551de5c41b2bd781893ba617f59,port,0,1,0
89db7551de5c41b2bd781893ba617f59,security_group,1,2,0
8a010e36e51d41288d475ed4f9f88e26,port,0,1,0
8a010e36e51d41288d475ed4f9f88e26,security_group,1,3,0
8a226d87e9ed417abb21d0f95b56b51f,port,0,1,0
8bb22f76f7e346a4a84daa18dd829b52,port,0,1,0
8bb22f76f7e346a4a84daa18dd829b52,security_group,0,1,0
8c006833c8fa4d2e919e8d928dffd880,port,0,3,0
8c8c2396169b4de68f657ed83b37ab9c,port,1,1,0
8cc92f47c7ec48849f65f92e94a1c8a6,port,1,3,0
8cc92f47c7ec48849f65f92e94a1c8a6,security_group,0,3,0
8dd5979cad9749d3884fea32b0def460,port,0,1,0
8dd5979cad9749d3884fea32b0def460,security_group,0,2,0
8e3ca0edc9084571b1aa97cc791f7a6f,port,0,2,0
8e3ca0edc9084571b1aa97cc791f7a6f,security_group,0,1,0
8f8129f6bbd94f09af00ad3655cf6515,port,1,1,0
8f8129f6bbd94f09af00ad3655cf6515,security_group,0,5,0
9063250bce0a40309cf94ff26a99d4a8,port,0,1,0
9063250bce0a40309cf94ff26a99d4a8,security_group,0,1,0
90d4fa29dbf644e28512d5ddf59df8ae,port,0,1,0
90d4fa29dbf644e28512d5ddf59df8ae,security_group,0,1,0
9115a38ce1834457be65c4801d47113b,port,0,1,0
9115a38ce1834457be65c4801d47113b,security_group,0,1,0
92d0bd08fd444ecf83e6dcf7bfd712da,security_group,0,2,0
9327b959520846259c09a9fc4bd40ac4,port,0,2,0
9327b959520846259c09a9fc4bd40ac4,security_group,0,2,0
937d886b9eda4b3d9c036f46612dc492,port,0,1,0
937d886b9eda4b3d9c036f46612dc492,security_group,0,1,0
956ae20bbb444a8c8f149729198aec63,port,1,7,0
97107d3284a848a4a4ea0345bd05cbef,port,1,20,0
982384173924496287a78d04af19720d,port,1,1,0
98333a1a28e746fa8c629c83a818ad57,floatingip,0,6,0
98333a1a28e746fa8c629c83a818ad57,network,0,6,0
98333a1a28e746fa8c629c83a818ad57,port,0,274,0
98333a1a28e746fa8c629c83a818ad57,router,1,3,0
98333a1a28e746fa8c629c83a818ad57,security_group,0,83,0
98333a1a28e746fa8c629c83a818ad57,security_group_rule,1,250,0
98333a1a28e746fa8c629c83a818ad57,subnet,0,7,0
98b4530b2d5f4c7d91668b8192234d81,security_group,0,1,0
9af4c29dc8054593b9efdbac06e811f8,port,1,1,0
9ba655cc2bc24fc69906d07d6c553974,port,0,5,0
9c982b4e161647ddb5f8637ac9eb551d,port,1,561,0
9c982b4e161647ddb5f8637ac9eb551d,security_group,0,2,0
9d5e5eaefad241908dff8cff7cc5e5ef,port,0,1,0
9d5e5eaefad241908dff8cff7cc5e5ef,security_group,0,2,0
9d68b362842341d59922450380bb39b1,port,0,3,0
9d68b362842341d59922450380bb39b1,security_group,0,2,0
9e2200862b674b3098afc897b0fbb977,port,0,29,0
9e2200862b674b3098afc897b0fbb977,security_group,0,4,0
9eaf54d1f17640cbb175fef72a248bdc,port,1,4,0
9ed76bfc5fd549d4b743c88eb09cd7c0,port,0,15,0
9ed76bfc5fd549d4b743c88eb09cd7c0,security_group,0,4,0
9f81c07c45c94ebcac3b20c51197de1d,port,0,1,0
a1312b2cc0274825938b28a95879c944,port,0,1,0
a1312b2cc0274825938b28a95879c944,security_group,0,5,0
a1cb70fe41194902b26944a48712f9b3,port,1,2,0
a1cb70fe41194902b26944a48712f9b3,security_group,0,1,0
a1dd2df207794506baf995340b8d41ec,port,0,1,0
a1dd2df207794506baf995340b8d41ec,security_group,0,2,0
a2a402bed9134ca58bf733c38cd4c77d,port,0,1,0
a2a402bed9134ca58bf733c38cd4c77d,security_group,1,2,0
a3ccd76b29264bbe94415833015c9379,port,1,4,0
a3ccd76b29264bbe94415833015c9379,security_group,0,16,0
a3ccd76b29264bbe94415833015c9379,security_group_rule,1,67,0
a3f1682406bf4023a4a8089f9abd5763,port,1,3,0
a51d86f76bc640c2b9c892c63bff688b,network,0,0,0
a51d86f76bc640c2b9c892c63bff688b,port,0,3,0
a51d86f76bc640c2b9c892c63bff688b,router,1,4,0
a51d86f76bc640c2b9c892c63bff688b,security_group,0,3,0
a51d86f76bc640c2b9c892c63bff688b,subnet,0,0,0
a5b38e3e60be4bdb8116c3f460381595,port,0,1,0
a5b38e3e60be4bdb8116c3f460381595,security_group,0,2,0
a5c6a169183342b989557bb95c7b8e0b,port,0,2,0
a5c6a169183342b989557bb95c7b8e0b,security_group,0,2,0
a632c7327bec4f86b7fa93b1c93f3dab,port,0,0,0
a65f9e8fefc346488f00f6220816a8f6,port,1,1,0
a65f9e8fefc346488f00f6220816a8f6,security_group,1,1,0
a6780a9c6f034d58b0bfffacd1db338e,port,1,1,0
a6780a9c6f034d58b0bfffacd1db338e,security_group,0,1,0
a851fb33992b46aa8d8c3ff00841815b,port,1,2,0
a851fb33992b46aa8d8c3ff00841815b,security_group,0,5,0
a946f8cc327a4467beb90a3a724b8bb5,port,1,2,0
a946f8cc327a4467beb90a3a724b8bb5,security_group,0,1,0
aa6656a1a8f34028ae2f5978c9811908,port,0,1,0
aa6656a1a8f34028ae2f5978c9811908,security_group,0,2,0
ab11e3a9596e40fda9135e37ecc3be94,port,0,1,0
ab5584a7dbd5425788852035a1f02026,port,0,1,0
ab864875e1f44f1c8f112ea460047cea,port,0,3,0
ab864875e1f44f1c8f112ea460047cea,security_group,0,2,0
ad3a34870c4c48db9af0f32523dc1172,port,0,1,0
ad3a34870c4c48db9af0f32523dc1172,security_group,0,1,0
ad87188d262f4ff8a72c87cccfc21c8b,security_group,0,1,0
ae58f400d79d41e588c89da0ec17ce21,port,0,1,0
ae58f400d79d41e588c89da0ec17ce21,security_group,0,1,0
af6808bae4494d07a11f4fd479ceec36,port,0,3,0
b01ba51c1d544787b8a5da66214933a0,port,0,1,0
b01ba51c1d544787b8a5da66214933a0,security_group,0,1,0
b01bd351ae9f46ba89689673cb25e6f5,port,0,1,0
b01bd351ae9f46ba89689673cb25e6f5,security_group,0,2,0
b04050a9b449404285a60975c90fd758,port,1,1,0
b04050a9b449404285a60975c90fd758,router,0,0,0
b04050a9b449404285a60975c90fd758,security_group,0,2,0
b0c018741b66434c9574907e9347671f,port,1,2,0
b0c5a712396141a593e7d0b76051383c,port,0,1,0
b0c5a712396141a593e7d0b76051383c,security_group,0,2,0
b1a541e6fa4e48e0aa7b20e347c8b436,network,0,0,0
b1a541e6fa4e48e0aa7b20e347c8b436,port,0,1,0
b1a541e6fa4e48e0aa7b20e347c8b436,security_group,0,8,0
b1f158e6324d426abb3c223b06ae9be2,port,1,2,0
b1f158e6324d426abb3c223b06ae9be2,security_group,0,3,0
b25fa0648e0a48dc9cfdf87a85af2ce8,port,0,1,0
b25fa0648e0a48dc9cfdf87a85af2ce8,security_group,0,1,0
b263c8f9e24f4af9888ea2b2975c2e19,port,0,1,0
b3c6072810a24f67a7ac48e49a960e51,network,0,0,0
b3c6072810a24f67a7ac48e49a960e51,port,0,3,0
b3c6072810a24f67a7ac48e49a960e51,router,0,1,0
b3c6072810a24f67a7ac48e49a960e51,security_group,0,5,0
b4d0be1f662a4cdba867d615609cdf6d,port,1,1,0
b5a0d1e17f354e15ac734f59cf51e7a9,port,0,0,0
b5a0d1e17f354e15ac734f59cf51e7a9,security_group,0,2,0
b63d728b6f684901adb77982ac6b5334,port,0,1,0
b63d728b6f684901adb77982ac6b5334,security_group,0,3,0
b7188a889c6a4800893445d969673bab,port,1,3,0
b84d5d12d74240de934224520e55aa4b,port,0,2,0
b84d5d12d74240de934224520e55aa4b,security_group,0,4,0
b971e9fc43144ac2a7c2ab9d00babd76,port,0,1,0
b971e9fc43144ac2a7c2ab9d00babd76,security_group,0,4,0
baf23911831246768aaa98ace9f7b6a2,port,0,1,0
baf23911831246768aaa98ace9f7b6a2,security_group,0,1,0
bb02e86c269945129288ac22543d2d65,port,0,1,0
bb23838aeeaf4df793775cf66305bfba,port,0,1,0
bb23838aeeaf4df793775cf66305bfba,security_group,0,1,0
bca62e47c26348589cbfdcb6b5a37445,port,1,2,0
bca62e47c26348589cbfdcb6b5a37445,security_group,0,2,0
bcb4a0fc940d40af9d8f1519485334d2,port,0,3,0
bcb4a0fc940d40af9d8f1519485334d2,security_group,0,1,0
bdbf4493026a4b568ccd39294a7ff7fb,port,1,2,0
bdbf4493026a4b568ccd39294a7ff7fb,security_group,1,4,0
be7cbc91eede4b799c2bb0c50f158b50,port,0,3,0
be7cbc91eede4b799c2bb0c50f158b50,security_group,0,2,0
be9fa403a8be4ef3815e394af1671b32,port,1,1,0
beda10bea1574335af5c23df8ff23ea1,port,1,4,0
beda10bea1574335af5c23df8ff23ea1,security_group,0,1,0
bede483b79f940deb6d0611499028842,port,0,1,0
bede483b79f940deb6d0611499028842,security_group,1,1,0
bfd50153a2e9476f93e33e30e922cd06,floatingip,0,9,0
bfd50153a2e9476f93e33e30e922cd06,network,0,3,0
bfd50153a2e9476f93e33e30e922cd06,port,1,29,0
bfd50153a2e9476f93e33e30e922cd06,router,1,2,0
bfd50153a2e9476f93e33e30e922cd06,security_group,0,27,0
bfd50153a2e9476f93e33e30e922cd06,subnet,0,3,0
bfe6b439cb834e79a3d8adbf23b5a92d,port,0,2,0
bfe6b439cb834e79a3d8adbf23b5a92d,security_group,0,3,0
c11cdf2f746b42faa2cad66360e4f568,port,1,2,0
c11cdf2f746b42faa2cad66360e4f568,security_group,1,2,0
c14f7e9b3bef464294cfc5c03801ada0,port,0,2,0
c15386e2413340c58539c1de3bb4e4de,port,0,1,0
c182586b240f47ddb1a1bd6e0f41cc33,port,0,1,0
c182586b240f47ddb1a1bd6e0f41cc33,security_group,0,2,0
c1cb7bcbcb6040c9837c35ff8501b13a,port,0,2,0
c1cb7bcbcb6040c9837c35ff8501b13a,security_group,0,9,0
c22abbcf54a24f11b0f70ae74679cb19,port,0,1,0
c22abbcf54a24f11b0f70ae74679cb19,security_group,0,1,0
c32ab7f84a364382888e7f4e17f9fb00,port,0,1,0
c32ab7f84a364382888e7f4e17f9fb00,security_group,0,1,0
c34e8c5f313b4866a139601fa131c2f6,port,0,0,0
c34e8c5f313b4866a139601fa131c2f6,security_group,0,2,0
c3b23797c9f140ac8d95fa84d2811725,port,0,5,0
c40a485b222648cd87b74c3037362a75,port,1,2,0
c40a485b222648cd87b74c3037362a75,security_group,0,1,0
c4528844c6fd4045b79f936e3a0bfd8d,port,0,2,0
c458e38ea68d4520810f866b59ff07d2,port,0,1,0
c4612d01a23547189de78f503b9d4145,port,0,1,0
c6d36b416dac49f193b4a209546ce370,port,0,40,0
c6d36b416dac49f193b4a209546ce370,security_group,1,7,0
c89039d9095e42d0b41fad722fbe17b5,port,0,3,0
ca0ba321451b4832a726b23f9a28453c,port,0,1,0
cb2bd9108b0f4957a806daf2984545b3,port,0,1,0
cb2bd9108b0f4957a806daf2984545b3,security_group,0,1,0
cb58d619ff55411894a0f9d3e005f68c,port,0,0,0
cb58d619ff55411894a0f9d3e005f68c,security_group,0,10,0
cba3d7b7359b446aa2911de2ddbfd2f5,port,0,1,0
cba3d7b7359b446aa2911de2ddbfd2f5,security_group,0,2,0
cbb081b66c234146bf3f664c672481f1,port,0,1,0
cbb081b66c234146bf3f664c672481f1,security_group,0,3,0
ccf2065a88074df09526d5dd5c361845,port,1,7,0
ccf2065a88074df09526d5dd5c361845,security_group,0,1,0
ccffeac313314388922e3c1006ee9871,network,0,1,0
ccffeac313314388922e3c1006ee9871,port,0,2,0
ccffeac313314388922e3c1006ee9871,security_group,0,3,0
ccffeac313314388922e3c1006ee9871,subnet,0,1,0
cd253e76857f46d694d19b80f077de15,port,0,1,0
cd253e76857f46d694d19b80f077de15,security_group,0,1,0
cdb8fd3639134748aaa55cad3c4a1366,port,0,7,0
cdb8fd3639134748aaa55cad3c4a1366,security_group,0,6,0
ce4de7103e724ef7baa6a77d0a3b7fc0,port,1,1,0
ce5756b3b57d4d5a82508ae5e27ecfb8,port,1,1,0
ce5756b3b57d4d5a82508ae5e27ecfb8,router,1,0,0
ce5756b3b57d4d5a82508ae5e27ecfb8,security_group,0,1,0
cf660c71478448e98a44a457af036f02,port,0,1,0
cf660c71478448e98a44a457af036f02,security_group,0,2,0
cf7031711c574cda9625960f08129fdd,port,1,1,0
cf7031711c574cda9625960f08129fdd,security_group,0,4,0
cfcf7f3db6e34a93a3a79ab6b915920e,port,0,5,0
cfcf7f3db6e34a93a3a79ab6b915920e,security_group,0,2,0
d00c4471fe5945f69795d50f7f32981e,network,0,1,0
d00c4471fe5945f69795d50f7f32981e,port,0,17,0
d00c4471fe5945f69795d50f7f32981e,security_group,0,3,0
d03996cf7bdd4a89bec9accd4b12f1d0,port,1,1,0
d03996cf7bdd4a89bec9accd4b12f1d0,security_group,0,2,0
d0b7612cf9ea47dfb5bdb44106e2975a,port,0,1,0
d0b7612cf9ea47dfb5bdb44106e2975a,security_group,1,14,0
d0ebc85936794a30b65bb6dae5687404,port,0,1,0
d11f5a2bb3434dbd8a6fda253ece42c9,port,0,1,0
d1bc0ea61ed54e75bf7ed4f96cf9206b,port,0,1,0
d1bc0ea61ed54e75bf7ed4f96cf9206b,security_group,0,2,0
d1f6265b0a204448baba3db8ca0db737,port,0,1,0
d1fe1eee802541b8bd5ed61cd3a05d77,port,0,11,0
d1fe1eee802541b8bd5ed61cd3a05d77,security_group,0,4,0
d203c74dd2b6429cb82a8d212f1b5c3e,port,1,1,0
d2590cbb0df4474f9b5078f08aa9747b,port,0,1,0
d2c598eeab2f449789fb4e0f62ec3ba0,port,0,1,0
d2c598eeab2f449789fb4e0f62ec3ba0,security_group,0,1,0
d2d8e4b248ad46798c20fc87fcce18cc,port,0,0,0
d2d8e4b248ad46798c20fc87fcce18cc,security_group,0,2,0
d34d8daa4ef34b54b775c09b088b694c,port,1,1,0
d3ac3958f14941cdb205e76ba43bbe49,port,1,496,0
d3e4c40bd306445faab49869baeac23f,port,0,1,0
d5887511cea94a63866cb502342ffe3d,port,0,1,0
d5887511cea94a63866cb502342ffe3d,security_group,0,2,0
d5dea416238445dfa979e3abb838d4af,port,0,1,0
d5dea416238445dfa979e3abb838d4af,security_group,0,1,0
d6be534c9c1042c9892e8c0adaa851f3,port,0,1,0
d6be534c9c1042c9892e8c0adaa851f3,security_group,0,2,0
d6d9b079e28d4cf29d5aebac75016918,port,0,1,0
d6d9b079e28d4cf29d5aebac75016918,security_group,0,4,0
d6fd1f13e7374f028e29b318b0512746,port,1,1,0
d7d16dd7c387425b80c001832884b6de,port,0,34,0
d7d16dd7c387425b80c001832884b6de,security_group,0,5,0
d89369016b304fc08ec8b12a772e7505,port,0,1,0
d89369016b304fc08ec8b12a772e7505,security_group,0,1,0
d95e2f84652945da8f97e02879ce8ff0,port,0,1,0
d9ac1340bfd045f88ecef4cde2d459fa,port,0,2,0
da113cfb338e44f7848e2e2823139e36,port,1,1,0
da113cfb338e44f7848e2e2823139e36,security_group,0,2,0
da2cdad81c0144b188e73757b2cbddc9,port,0,1,0
da2cdad81c0144b188e73757b2cbddc9,security_group,0,1,0
da4266d0e4f24017b0dc114ea64ad422,port,0,7,0
da4266d0e4f24017b0dc114ea64ad422,security_group,0,1,0
daa18fdafdf04b5eac18e04aa19ee214,network,0,1,0
daa18fdafdf04b5eac18e04aa19ee214,port,0,2,0
daa18fdafdf04b5eac18e04aa19ee214,security_group,0,2,0
daa18fdafdf04b5eac18e04aa19ee214,subnet,0,2,0
db2eed6127444168be1318288a3078a4,port,0,7,0
db2eed6127444168be1318288a3078a4,security_group,0,13,0
dba6cc0fec6845a58f4dd5e84ef8dca5,port,0,34,0
dba6cc0fec6845a58f4dd5e84ef8dca5,security_group,0,10,0
dbc6838fb280431eac8bfb1e64bef16c,port,0,1,0
dbd2f851604b4448ae508853ea554769,port,1,1,0
dbd2f851604b4448ae508853ea554769,security_group,0,1,0
dd6e3c2cf174467585c0c238d88165cb,port,0,2,0
dd6e3c2cf174467585c0c238d88165cb,security_group,0,1,0
de0d86c73e964a7287420a88a7c1d0f5,port,1,4,0
de0d86c73e964a7287420a88a7c1d0f5,security_group,0,2,0
de16fd9cf0394262a8416d2d145a80bd,port,0,1,0
de16fd9cf0394262a8416d2d145a80bd,security_group,0,2,0
df1b3a4132824819ac65e036ca495b6c,port,0,1,0
df1b3a4132824819ac65e036ca495b6c,security_group,0,2,0
df4ca50218b54171a83464a67dd8ec78,port,1,3,0
df4ca50218b54171a83464a67dd8ec78,security_group,0,2,0
dfa1113aa2134a47808b05faf41fcf5e,port,0,1,0
dfa1113aa2134a47808b05faf41fcf5e,security_group,0,1,0
e01f8a7cd74e477d96c9e9157ea07343,port,1,1,0
e0ebfc33088045c98a09baefa46b3f7c,port,0,1,0
e0ebfc33088045c98a09baefa46b3f7c,security_group,0,3,0
e1146e1d32c74da5a327ede53de51d84,port,0,1,0
e1146e1d32c74da5a327ede53de51d84,security_group,0,2,0
e16c97a4c56c430d9c1c87d4f465e045,port,1,17,0
e16c97a4c56c430d9c1c87d4f465e045,security_group,0,3,0
e326388bbe5a4ae7a9facfe59e8295c2,port,0,1,0
e326388bbe5a4ae7a9facfe59e8295c2,security_group,0,4,0
e35252bd62054360b6662052e960cf81,port,0,2,0
e3fb2659584e436a832461dac02835f0,floatingip,0,8,0
e3fb2659584e436a832461dac02835f0,port,0,64,0
e3fb2659584e436a832461dac02835f0,router,0,0,0
e3fb2659584e436a832461dac02835f0,security_group,0,31,0
e3fb2659584e436a832461dac02835f0,security_group_rule,1,110,0
e45d5b237eae495c823f7c91c48ac0df,port,1,29,0
e45d5b237eae495c823f7c91c48ac0df,security_group,0,2,0
e54b2b9458b14d5d84cd7f76c541cd56,port,0,5,0
e590219106c24594af84d2a4ff5916aa,port,0,3,0
e699f9ecfe644d78b415bec6330c78c8,port,1,2,0
e699f9ecfe644d78b415bec6330c78c8,security_group,0,1,0
e6ef0f87a97247bda8cd853a782a60ff,port,0,2,0
e6ef0f87a97247bda8cd853a782a60ff,security_group,0,8,0
e7e8e8eca25741c8abc96fc07a103b94,port,1,45,0
e7e8e8eca25741c8abc96fc07a103b94,security_group,0,2,0
e848c8a619604dc1877ae14c080e8693,port,0,1,0
e848c8a619604dc1877ae14c080e8693,security_group,0,2,0
e8657f49e72c48bfb3faa84400701cb3,port,0,1,0
e8657f49e72c48bfb3faa84400701cb3,security_group,0,1,0
e8dcec2b9a1b425a8b855f903a1dc02b,port,0,1,0
e8fa7c20e65e4b38b51d43f97ea35f6d,network,0,0,0
e8fa7c20e65e4b38b51d43f97ea35f6d,port,0,8,0
e8fa7c20e65e4b38b51d43f97ea35f6d,router,0,0,0
e8fa7c20e65e4b38b51d43f97ea35f6d,security_group,0,11,0
e8fa7c20e65e4b38b51d43f97ea35f6d,subnet,0,0,0
e9d59c77440a43c7b0dcb1224ff431c5,port,0,1,0
e9d59c77440a43c7b0dcb1224ff431c5,security_group,0,1,0
ecda34f53cfe4059bbb39a8adb33ce79,port,0,1,0
ecda34f53cfe4059bbb39a8adb33ce79,security_group,0,2,0
ed0657d36bec40fc9be180bd208af558,port,0,1,0
ed557b91faa94b2193b08fb9e4ff6cee,port,1,1,0
eed3a2ef6da84345b3b9cf5e1740f352,port,1,1,0
eed3a2ef6da84345b3b9cf5e1740f352,security_group,0,1,0
ef8955ec2c454cb8bdd1c5d0ffbc0099,port,0,1,0
ef8955ec2c454cb8bdd1c5d0ffbc0099,security_group,0,2,0
f06795469c3a4041b92976e17e0d74e1,port,0,1,0
f09df3f988454a509dbd29b754d121a1,port,0,1,0
f0ae1d7c6f7b4417b2c9c4c82933ebd5,port,0,2,0
f0ae1d7c6f7b4417b2c9c4c82933ebd5,security_group,0,2,0
f2ea8ac453af48af8480b9aff3cc8992,port,0,1,0
f2ea8ac453af48af8480b9aff3cc8992,security_group,0,2,0
f3f93e6514984329abbb4b431e9be5fb,port,0,1,0
f3f93e6514984329abbb4b431e9be5fb,security_group,0,1,0
f4f548f40118444bb8bf9bfcd398209c,port,0,1,0
f51ad6a9383b49c4b2667757d7376ce2,port,0,1,0
f51ad6a9383b49c4b2667757d7376ce2,security_group,0,1,0
f63e242eb75346d4bab1d9e09ce160af,port,0,1,0
f63e242eb75346d4bab1d9e09ce160af,security_group,0,3,0
f7439317c4dc49d594189e65f885a887,port,0,1,0
f7439317c4dc49d594189e65f885a887,security_group,0,2,0
f844c1ecfcef45f8bfb12ea3e63f02e2,port,1,1,0
f844c1ecfcef45f8bfb12ea3e63f02e2,security_group,0,1,0
f88233491c334ecbb82f58fb90219898,port,1,1,0
f8acc8fe54054e1d958b0f1eead51ee9,port,0,1,0
f8acc8fe54054e1d958b0f1eead51ee9,security_group,0,2,0
f9b53c11ef34429fb2e57fb3a66a18c3,port,0,2,0
fab98a79c65a47a99d23492c39315927,network,0,3,0
fab98a79c65a47a99d23492c39315927,port,1,6,0
fab98a79c65a47a99d23492c39315927,router,0,2,0
fab98a79c65a47a99d23492c39315927,security_group,0,3,0
fab98a79c65a47a99d23492c39315927,subnet,0,4,0
fc1b446cad9e4849a41f9160664e3781,port,0,7,0
fc824182e33541ca85d834b06d3d0772,port,0,2,0
fc824182e33541ca85d834b06d3d0772,security_group,0,2,0
fd782b80655c4795aaba6ea5d4e844cc,port,0,0,0
fd782b80655c4795aaba6ea5d4e844cc,security_group,0,1,0
fd7ef18719204505a2c1967e96a95b6c,port,0,1,0
fd7ef18719204505a2c1967e96a95b6c,security_group,0,1,0
fe451fd0d7224ccb85592a2bf8ebe366,port,1,40,0
fe451fd0d7224ccb85592a2bf8ebe366,security_group,0,1,0
ffa0e5fc492e4b4290bb9e2757850411,network,0,0,0
ffa0e5fc492e4b4290bb9e2757850411,port,1,3,0
ffa0e5fc492e4b4290bb9e2757850411,security_group,0,2,0
