idx,Log2_variant_per_Mbp,mutation_classification,APP_Z_score,APP_classification,Immune_cluster,Activated_B_cell,Activated_CD4_T_cell,Activated_CD8_T_cell,Central_memory_CD4_T_cell,Central_memory_CD8_T_cell,Effector_memeory_CD4_T_cell,Effector_memeory_CD8_T_cell,Gamma_delta_T_cell,Immature__B_cell,Memory_B_cell,Regulatory_T_cell,T_follicular_helper_cell,Type_1_T_helper_cell,Type_17_T_helper_cell,Type_2_T_helper_cell,Activated_dendritic_cell,CD56bright_natural_killer_cell,CD56dim_natural_killer_cell,Eosinophil,Immature_dendritic_cell,Macrophage,Mast_cell,MDSC,Monocyte,Natural_killer_cell,Natural_killer_T_cell,Neutrophil,Plasmacytoid_dendritic_cell
S001,5.090218957,MB_H,1.284179607,APP_H,MB_H_APP_H,-0.215675812,0.294501115,0.095738754,0.438672984,0.246119723,0.204786084,0.249864769,0.237907867,0.006404337,0.22134604,0.114734959,0.121459036,0.082165114,-0.056499725,0.235564323,0.191882378,0.271269887,0.349053734,-0.050390999,0.346054711,0.001562195,-0.037827971,0.148542017,0.378081114,0.341221033,0.041612622,-0.289018698,0.414612528
S002,3.941606385,MB_H,-1.580176911,APP_L,MB_H_APP_L,-0.294760802,0.288223519,0.073558592,0.423188259,0.222244612,0.207980069,0.160457214,0.249799595,-0.063777031,0.183118102,0.088172037,0.077528949,0.075566679,0.012822316,0.285894023,0.17837656,0.283283905,0.351166241,-0.015100004,0.360564636,-0.04111657,0.034604096,0.097895108,0.367775962,0.299584452,0.019811399,-0.236772506,0.387157855
S003,1.142367912,MB_L,0.205458701,APP_H,MB_L_APP_H,-0.136842306,0.293808688,0.112626138,0.502367219,0.327489858,0.20782613,0.261095236,0.277651177,0.063312637,0.186125387,0.156813047,0.117143879,0.145732079,0.028730513,0.322478191,0.263188353,0.242245611,0.348191482,0.05898158,0.443717476,0.045189536,0.033465162,0.320620164,0.418504383,0.352368549,0.038692147,-0.04692313,0.461775853
S005,1.349358266,MB_L,-0.267373729,APP_L,MB_L_APP_L,-0.301444486,0.186445509,0.056394382,0.484579781,0.243234603,0.185309777,0.164996575,0.254946669,-0.055649222,0.154889633,0.064938269,0.095498526,0.127027476,-0.04216131,0.195598798,0.159679939,0.272342877,0.262961833,-0.022778922,0.414917239,0.002265958,-0.029601704,0.105230557,0.35994688,0.307709759,0.057351074,-0.308169781,0.417888185
S006,1.634715536,MB_L,1.080077105,APP_H,MB_L_APP_H,-0.199116437,0.320657842,0.158073914,0.476105898,0.302670498,0.23399517,0.301207309,0.304755409,0.079948325,0.206475686,0.201800307,0.190417993,0.145236949,0.104954314,0.17771469,0.241730435,0.218887992,0.446143899,-0.087572733,0.301155562,0.05123374,-0.094772581,0.284885982,0.386305266,0.310426946,0.111378277,-0.235213451,0.454781415
S007,1.182279033,MB_L,0.359660026,APP_H,MB_L_APP_H,-0.256243231,0.171439303,0.090715238,0.48880247,0.237628804,0.183716175,0.255071262,0.307976094,-0.014072526,0.119994298,0.216240425,0.173218714,0.16936705,0.030699819,0.310953466,0.194511962,0.290927218,0.300139527,-0.066587831,0.346609196,0.000532619,0.028646725,0.172715217,0.353029369,0.375149002,0.063051598,-0.240148738,0.440036986
S008,1.349358266,MB_L,-0.441565323,APP_L,MB_L_APP_L,-0.271216842,0.210695378,0.011565592,0.411148662,0.199277236,0.173180253,0.19511122,0.216942116,-0.096942972,0.226663969,0.003222329,0.102975028,0.066570796,-0.073761748,0.265628201,0.142844735,0.261569115,0.281599667,0.041850789,0.321935601,-0.049836307,0.072069795,0.025053411,0.357588788,0.329969135,0.04495031,-0.306896782,0.396956284
S009,1.691133088,MB_L,-0.247007705,APP_L,MB_L_APP_L,-0.29318515,0.245083624,-0.010377338,0.43123328,0.238819432,0.207303535,0.147044665,0.220034738,-0.082916674,0.191891983,0.077840932,0.063214608,0.101600638,-0.020757034,0.227102018,0.124943082,0.206560573,0.35986125,-0.049649844,0.31464663,-0.001343963,-0.127235132,-0.011430589,0.37206824,0.330461809,0.067029701,-0.320273457,0.388943791
S010,4.362228844,MB_H,1.751673103,APP_H,MB_H_APP_H,-0.106180227,0.215050386,0.206091126,0.520766697,0.300649502,0.238170319,0.374449011,0.27699622,0.135384291,0.114916569,0.253190459,0.217935573,0.222252991,0.023093772,0.218096384,0.28278343,0.26378834,0.342779255,-0.025146159,0.411052757,0.061879092,-0.041084008,0.335603768,0.388697005,0.368260033,0.108377535,-0.195398798,0.445915866
S011,1.182279033,MB_L,0.410755603,APP_H,MB_L_APP_H,-0.214612131,0.158188202,0.039268259,0.479058421,0.263133401,0.163774574,0.278971892,0.254970333,-0.008024315,0.24247967,0.164099555,0.17916425,0.130705854,-0.030481292,0.277629323,0.181962488,0.265984515,0.30503238,-0.008599152,0.360723214,0.014019335,0.024927839,0.218544777,0.370829215,0.39270726,0.06594724,-0.22888621,0.466515472
S012,5.612520487,MB_H,1.421714744,APP_H,MB_H_APP_H,-0.19173205,0.20144196,0.072490222,0.454556203,0.240844193,0.180146758,0.216487907,0.258407787,0.012871037,0.125462764,0.205817921,0.114232041,0.119564986,0.026467331,0.21903688,0.257421189,0.268117199,0.361849613,0.004251421,0.382991662,0.034242106,0.050031347,0.256239174,0.383474089,0.284328838,0.081925299,-0.13578818,0.435223613
S014,4.875737466,MB_H,-1.981291785,APP_L,MB_H_APP_L,-0.207288342,0.302999582,0.091769515,0.487631719,0.249254026,0.192457021,0.269200924,0.25086496,-0.011181748,0.196212955,0.111460457,0.128048506,0.108074365,0.014317432,0.29060251,0.226282677,0.235763458,0.412490666,-0.00316458,0.353831213,-0.022065939,0.070641847,0.242252859,0.412362427,0.312846721,0.056513011,-0.171362948,0.443959782
S016,2.066555769,MB_L,0.692726678,APP_H,MB_L_APP_H,-0.176912092,0.362330164,0.093701146,0.441531512,0.242733002,0.247535902,0.234466818,0.23414026,0.104367491,0.215485164,0.231765305,0.13974261,0.140177868,-0.035844866,0.165729012,0.246042205,0.193907046,0.378740323,-0.077932401,0.287245364,-0.014848156,-0.06127898,0.235805804,0.362895539,0.332838554,0.062947183,-0.317316261,0.424113684
S017,4.415525945,MB_H,0.305538217,APP_H,MB_H_APP_H,-0.189722586,0.229674848,0.024640051,0.39737185,0.170371218,0.168752344,0.187150737,0.215379032,-0.096378857,0.117528654,-0.052776928,0.035147237,0.061538325,-0.068871369,0.224734936,0.113761905,0.248691937,0.299476436,-0.122881287,0.364245622,-0.080759282,-0.177874145,-0.054660068,0.373174782,0.285127134,-0.009011695,-0.272502498,0.399320352
S018,0.801600757,MB_L,0.035254886,APP_H,MB_L_APP_H,-0.278956883,0.190647368,0.018214107,0.478227541,0.25018949,0.160821733,0.209078924,0.265173104,-0.065000439,0.261364165,0.043848741,0.077267449,0.08592865,-0.008189809,0.322675718,0.126324534,0.238796322,0.314673573,-0.039710082,0.337604381,-0.035163755,-0.071924063,0.111011295,0.357281449,0.336698417,0.044847166,-0.196347561,0.414746492
S019,1.331721187,MB_L,-2.15300777,APP_L,MB_L_APP_L,-0.285550234,0.174303047,0.030925592,0.486876158,0.260449126,0.175489798,0.203784483,0.327631292,-0.120527284,0.180645007,0.1089643,0.065698267,0.092263716,-0.022110245,0.306816904,0.155891606,0.270513839,0.335077102,-0.062712141,0.353688313,-0.029041147,-0.029159961,0.136703545,0.336256706,0.271490765,0.014281346,-0.1105643,0.39426068
S020,1.560942049,MB_L,0.252493284,APP_H,MB_L_APP_H,-0.128662921,0.214263157,0.100554905,0.538920526,0.325169105,0.188139602,0.325877035,0.289740692,0.076705131,0.163953498,0.207444143,0.176890778,0.151900839,0.080691694,0.267803125,0.257877792,0.245371281,0.394926617,-0.008390047,0.436429749,0.085628405,0.060097848,0.292752655,0.434050522,0.366798445,0.083766333,-0.029005152,0.479283043
S021,1.401011577,MB_L,-0.333790366,APP_L,MB_L_APP_L,-0.205086558,0.076841818,0.028825169,0.456335421,0.212626233,0.138281018,0.150851458,0.207189507,-0.072866817,0.177051042,0.002801659,0.061770211,0.076388872,-0.01278188,0.19545539,0.110030908,0.248678005,0.348337111,-0.021113096,0.337366949,-0.042646782,-0.087080891,0.06048755,0.368364838,0.286329608,-0.019314292,-0.319624976,0.416701626
S022,8.737485435,MB_H,1.834545591,APP_H,MB_H_APP_H,-0.14890969,0.365818728,0.169375221,0.497258728,0.249300114,0.220300165,0.303776388,0.308093139,0.102122269,0.199023738,0.197793075,0.167456446,0.158660755,0.004949123,0.301839531,0.239772518,0.273526608,0.315559523,0.061605334,0.380271774,0.035330926,0.043164303,0.235971938,0.398215095,0.371856766,0.09445689,-0.22366708,0.41129477
S023,7.006927428,MB_H,-1.022166814,APP_L,MB_H_APP_L,-0.21560329,0.326455841,0.155527098,0.438019092,0.187562415,0.194782074,0.168467792,0.270667831,-0.006286967,0.219892049,0.181060115,0.100600578,0.089555568,-0.065111381,0.294593637,0.171713975,0.249339468,0.308471262,-0.040249434,0.32509684,-0.020095926,-0.012218903,0.116439203,0.388484225,0.306041685,0.038466754,-0.288353582,0.366781123
S024,1.691133088,MB_L,0.96218709,APP_H,MB_L_APP_H,-0.246067502,0.251961473,0.045945643,0.484300394,0.282000706,0.172767646,0.248282145,0.290538526,-0.020599403,0.201377516,0.139981427,0.124080784,0.101851891,0.001743382,0.295015242,0.208240887,0.290475356,0.336702907,-0.055999336,0.379354765,0.016197725,0.004749087,0.26299247,0.385511622,0.314167309,0.053646633,-0.175571531,0.423778154
S025,1.499080695,MB_L,-1.108683442,APP_L,MB_L_APP_L,-0.267456378,0.091097022,0.028744038,0.430855059,0.258047226,0.150359673,0.150917487,0.263310388,-0.068477969,0.234289626,0.10586986,0.12975719,0.100412962,-0.04204204,0.233658383,0.127683585,0.249080515,0.350535506,0.027366147,0.339314426,-0.000895192,-0.020217877,0.166831002,0.364527961,0.295451666,0.04937263,-0.239772741,0.430444769
S026,1.201828046,MB_L,1.098020766,APP_H,MB_L_APP_H,-0.243551327,0.146833176,0.050579365,0.481195887,0.250056758,0.161966602,0.264380915,0.230366809,-0.044668926,0.246096691,0.1343461,0.150906727,0.114547408,-0.054030751,0.298035047,0.173257151,0.239379138,0.304212057,0.024772233,0.352060605,-0.003820475,0.015233707,0.151291965,0.361156104,0.379062182,0.059043681,-0.256127771,0.434869878
S027,5.025868086,MB_H,0.77766653,APP_H,MB_H_APP_H,-0.251126505,0.254208361,0.055436268,0.444176814,0.314731017,0.196130196,0.240981588,0.274093467,0.023404076,0.128487609,0.159724763,0.076212519,0.099816058,-0.000857556,0.21216346,0.220678895,0.244126636,0.355902267,-0.036404762,0.43286359,-0.007606783,-0.030288791,0.210808778,0.408652394,0.326849398,0.084513547,-0.134927205,0.434349083
S028,1.860596943,MB_L,-0.993991303,APP_L,MB_L_APP_L,-0.198720549,0.166215654,0.022255494,0.477547834,0.28009947,0.197643471,0.316361471,0.212927969,-0.001363661,0.274613464,0.148478119,0.197620054,0.16613976,-0.042337096,0.25523823,0.20900225,0.235677653,0.293043686,0.084796094,0.360165804,0.069611741,0.120090441,0.210858569,0.381600906,0.40642423,0.122452165,-0.200213476,0.459312683
S029,1.59090564,MB_L,0.527075892,APP_H,MB_L_APP_H,-0.169918394,0.167893825,0.052643901,0.540939615,0.322301348,0.178464,0.304377036,0.282979874,0.06797339,0.107803809,0.188149724,0.168885536,0.144605055,0.075015636,0.237316179,0.296050507,0.222346451,0.340074111,0.005304898,0.407723255,0.092359385,0.046169446,0.315848281,0.415415331,0.336384898,0.065850171,0.006362424,0.485701823
S030,5.315549182,MB_H,-1.093545924,APP_L,MB_H_APP_L,-0.177099918,0.362459001,0.16644577,0.496158204,0.289666764,0.238014871,0.233919343,0.264091441,0.080584308,0.219745022,0.19865553,0.147427305,0.130750104,-0.042583866,0.300687119,0.236212087,0.225832611,0.325729407,0.096139753,0.398546848,0.008176212,0.097779561,0.235828301,0.409697537,0.370512366,0.122024331,-0.173472138,0.440413
S031,1.434447489,MB_L,-1.13855722,APP_L,MB_L_APP_L,-0.288617719,0.201447759,0.082777318,0.449071791,0.239575417,0.202704066,0.106847441,0.264636598,-0.045223477,0.183419537,0.04520505,0.080804384,0.092981236,0.020631815,0.267678891,0.179626725,0.296194744,0.331134456,-0.039550284,0.340585515,-0.045641268,0.023671082,0.148585752,0.392001528,0.306247918,0.073618225,-0.288459061,0.391895133
S032,3.667073084,MB_H,0.968565919,APP_H,MB_H_APP_H,-0.195371522,0.266950023,0.073590996,0.489711023,0.289271814,0.175981002,0.279171199,0.273169187,0.025450889,0.167611813,0.189602216,0.161299965,0.136679046,0.038685177,0.227756518,0.222310195,0.255036035,0.350804319,0.113180667,0.394028048,0.045809192,0.032837832,0.295647938,0.424600834,0.363148005,0.075630056,-0.112763447,0.463292796
S033,1.295786701,MB_L,-0.377715392,APP_L,MB_L_APP_L,-0.138100712,0.143662613,0.010375738,0.459521044,0.298040017,0.225214392,0.210518922,0.217350849,0.044973966,0.186486344,0.097148084,0.146219114,0.145256208,-0.064435795,0.223809165,0.166519544,0.184406836,0.284008515,-0.005095443,0.392266647,0.011981487,-0.039127355,0.183645913,0.393332842,0.322035443,0.062533803,-0.228807384,0.432973251
S034,2.603454103,MB_H,-1.34269766,APP_L,MB_H_APP_L,-0.202026247,0.133625997,0.035075481,0.473753321,0.275865518,0.176607518,0.238326565,0.228054516,-0.033286953,0.234751308,0.037897456,0.15665518,0.108603326,-0.044867322,0.241223613,0.103141885,0.231232419,0.319228219,0.007760734,0.37024506,-0.016131304,-0.026799486,0.02631215,0.373675198,0.364286124,0.052917622,-0.304783426,0.457695703
S036,2.218238939,MB_L,-0.993361324,APP_L,MB_L_APP_L,-0.160138521,0.186464006,0.101872963,0.486762349,0.258333559,0.192089998,0.27768189,0.232585672,0.04789234,0.204624402,0.147595228,0.151896808,0.150829172,-0.020250763,0.228501205,0.206619575,0.264269206,0.382251265,0.065614093,0.38002154,-0.001455148,0.016983313,0.121867804,0.397937337,0.319896549,0.0510487,-0.260913313,0.455686324
S037,4.821482763,MB_H,0.865693199,APP_H,MB_H_APP_H,-0.255920197,0.330639805,0.058119356,0.476404283,0.346268499,0.221466242,0.29706333,0.289437164,-0.00656146,0.215141341,0.18242743,0.1511765,0.12332968,0.021437504,0.309619946,0.252504978,0.249900901,0.372367349,-0.053803617,0.417147677,0.039834464,0.083307797,0.223292785,0.396365372,0.369906655,0.104591346,-0.073312661,0.441156932
S038,1.46712601,MB_L,0.772731527,APP_H,MB_L_APP_H,-0.186341513,0.237739227,0.104021754,0.489139119,0.242245792,0.192089333,0.271064983,0.307220395,0.031455447,0.271201085,0.225740611,0.162536644,0.12330208,-0.028032702,0.31529398,0.210748595,0.254195818,0.332383993,-0.030767148,0.34573608,0.053837261,-0.003825429,0.147031863,0.363141566,0.353896223,0.032200329,-0.194742815,0.432889846
S039,1.483191823,MB_L,-0.848887807,APP_L,MB_L_APP_L,-0.253127894,0.143294097,0.041967954,0.476662098,0.264710966,0.188371611,0.204217467,0.231749289,-0.019612031,0.205848983,0.075267169,0.156831799,0.135190333,-0.024597102,0.209595835,0.180967906,0.214636532,0.317355365,-0.031256415,0.366567449,0.003225551,0.010701231,0.061199546,0.382191667,0.342737279,0.07705147,-0.267897988,0.443750607
S040,1.417826394,MB_L,0.526625292,APP_H,MB_L_APP_H,-0.195158658,0.227614533,0.073085336,0.493724312,0.32483867,0.221181879,0.245135349,0.262873859,0.021450451,0.213093134,0.145312435,0.167274157,0.136764635,-0.014449292,0.269603497,0.18508636,0.241616122,0.315907818,0.073597462,0.395015993,0.054083855,0.008449725,0.153780947,0.368425163,0.387758147,0.078308515,-0.180843064,0.441157838
S041,1.277478143,MB_L,1.197381678,APP_H,MB_L_APP_H,-0.212803326,0.298743729,0.090569778,0.514313165,0.292986896,0.236646651,0.303171092,0.237387762,0.040498264,0.251663556,0.181789918,0.154837323,0.160724797,-0.0179397,0.238505867,0.240085529,0.247018903,0.347765106,-0.021123021,0.334443038,0.0136364,0.056127733,0.261316401,0.363656177,0.352621053,0.072912835,-0.188623825,0.437403296
S042,1.530342916,MB_L,-2.05541637,APP_L,MB_L_APP_L,-0.209847853,0.279911402,0.032517785,0.46352835,0.290993919,0.245889323,0.254185273,0.230276583,-0.015338244,0.271098154,0.191704416,0.190310836,0.1335386,-0.074040323,0.280648131,0.159211944,0.198305465,0.373313922,-0.094691346,0.315111726,0.024245933,0.03241778,0.134877912,0.358343381,0.35364092,0.105032572,-0.261623237,0.451931484
S044,0.42283286,MB_L,-1.230501946,APP_L,MB_L_APP_L,-0.16972412,0.193037706,0.037241573,0.524716252,0.319577567,0.226970682,0.325271635,0.259230045,0.011410007,0.243493186,0.18274115,0.180324749,0.150980364,0.031106351,0.271909333,0.227895366,0.230550154,0.319347375,0.01218013,0.417834156,0.079637861,0.08939294,0.244595708,0.374847473,0.392436833,0.099072149,-0.081981577,0.504070062
S045,1.182279033,MB_L,0.702329069,APP_H,MB_L_APP_H,-0.151807477,0.187374875,0.054367685,0.514005834,0.366310441,0.188395971,0.338391851,0.29064626,0.092041872,0.138242856,0.252643705,0.16529261,0.199360318,0.032652806,0.272682156,0.335843326,0.250636684,0.379353653,0.0521306,0.406748015,0.08169653,0.048385382,0.380103482,0.440069475,0.411967459,0.098146895,0.139946233,0.503326015
S046,3.981739572,MB_H,-0.668531836,APP_L,MB_H_APP_L,-0.176343403,0.26012262,0.077759547,0.516535298,0.295459738,0.213773033,0.314504948,0.261698124,0.038960749,0.241123209,0.198541805,0.194299292,0.165586173,-0.039153977,0.263221303,0.236241232,0.265415907,0.264272379,0.114141253,0.406455874,0.053531025,0.100210591,0.217650989,0.379128582,0.386796039,0.067387669,-0.177403216,0.484812848
S048,1.121990524,MB_L,0.760941587,APP_H,MB_L_APP_H,-0.143351817,0.233920744,0.06066559,0.504674796,0.285135365,0.2264265,0.292279203,0.254764633,0.07748795,0.25062358,0.193022539,0.202379854,0.166319457,-0.019603503,0.274305136,0.237643415,0.238764507,0.329484664,0.001579043,0.400181548,0.053054318,0.093662763,0.24069041,0.379835591,0.38700394,0.089860125,-0.184127322,0.439477563
S049,4.093231531,MB_H,0.951686423,APP_H,MB_H_APP_H,-0.100441877,0.366960953,0.186424524,0.474517924,0.267478314,0.224078494,0.257614244,0.299097542,0.133143614,0.203190447,0.3030895,0.179664631,0.149459712,-0.03419161,0.242298646,0.282948042,0.250192085,0.37911893,-0.047666691,0.3363223,0.064543047,0.011007288,0.3349338,0.407876632,0.335021748,0.090387952,-0.247289577,0.419923105
S050,5.123913178,MB_H,-0.894121968,APP_L,MB_H_APP_L,-0.153920695,0.336354342,0.084594973,0.491956715,0.312063511,0.232107657,0.342758476,0.277723469,0.049900226,0.238155443,0.248898601,0.182600353,0.154679164,-0.006119252,0.290280071,0.246947729,0.235092159,0.361511716,0.079894205,0.398745743,0.020450567,0.111638725,0.303404319,0.403548907,0.365398137,0.077909448,-0.144880662,0.472427462
S051,4.964246973,MB_H,1.574753403,APP_H,MB_H_APP_H,-0.206327084,0.292777446,0.099742561,0.43273475,0.247421073,0.217702206,0.316288957,0.258636413,0.020422827,0.176554799,0.10632756,0.149498886,0.165407881,-0.006618902,0.262107308,0.180763145,0.277001708,0.378533636,0.026584468,0.366027759,0.01593231,0.005840317,0.173189458,0.394089331,0.35584914,0.071157159,-0.284906237,0.419495085
S053,1.295786701,MB_L,1.157725692,APP_H,MB_L_APP_H,-0.206751991,0.16273101,0.173559344,0.473371531,0.247670562,0.196315767,0.266398183,0.258282873,0.027479021,0.188702022,0.186182286,0.151154305,0.131782333,-0.02479529,0.260860173,0.222110059,0.286009954,0.2944363,-0.02927738,0.297048689,0.01126666,-0.011842873,0.17850412,0.37049279,0.357642313,0.113651503,-0.331715699,0.440055342
S054,1.121990524,MB_L,0.410018665,APP_H,MB_L_APP_H,-0.123745921,0.215091662,0.061701079,0.481862993,0.286904216,0.181941739,0.201029114,0.245535294,0.039448037,0.166345866,0.155085443,0.121375368,0.126376586,-0.047642175,0.225857177,0.164852025,0.251270865,0.328993377,-0.032180008,0.361986502,-0.014317721,0.076733146,0.181089691,0.40382523,0.359267521,0.129906787,-0.25225187,0.431839832
S055,6.473523558,MB_H,1.527051154,APP_H,MB_H_APP_H,-0.198205221,0.261031634,0.177120871,0.476372368,0.257348307,0.178753682,0.311579226,0.26044089,0.036784169,0.251838068,0.21874504,0.178405129,0.161037745,0.009629107,0.287718963,0.20429015,0.261606808,0.37294704,0.042624101,0.36704766,0.039269445,0.021435723,0.257755469,0.382355455,0.398456907,0.083157522,-0.257956122,0.443481492
S056,1.295786701,MB_L,0.557261032,APP_H,MB_L_APP_H,-0.170934835,0.124525417,0.097396259,0.535872366,0.30797307,0.172720685,0.292872963,0.237672137,0.037172736,0.139661453,0.173059207,0.170539088,0.149902356,0.013752028,0.216550833,0.265455637,0.239267231,0.372168202,0.047791881,0.395764802,0.058860788,0.035421426,0.206813024,0.418093962,0.380377823,0.073888467,-0.212401623,0.459339507
S057,5.382393153,MB_H,0.085831094,APP_H,MB_H_APP_H,-0.202516344,0.353914033,0.152963906,0.441191614,0.240375003,0.231184482,0.204833425,0.274474123,0.047655875,0.136335649,0.116055127,0.108881221,0.128628524,-0.014478346,0.189728808,0.159143087,0.196712695,0.344088155,-0.055151503,0.313612683,-0.052346263,-0.082778486,0.136125621,0.413581943,0.256828418,0.0613167,-0.310401714,0.393133395
S058,1.162461482,MB_L,-1.604212465,APP_L,MB_L_APP_L,-0.21475726,0.259406088,-0.004389019,0.405511064,0.261097611,0.177496313,0.17046417,0.183436976,-0.121036795,0.213474573,0.070829066,0.107808701,0.12861674,-0.084857736,0.235216392,0.139729439,0.171216619,0.340128483,-0.019000403,0.277254451,-0.081534962,-0.052874589,0.08964334,0.375619725,0.341855468,0.088378918,-0.372072628,0.416318035
S059,8.317776613,MB_H,-0.723041748,APP_L,MB_H_APP_L,-0.062717495,0.318312676,0.128797861,0.483174853,0.264918547,0.220080436,0.27268279,0.263055878,0.110375617,0.152605315,0.176693143,0.130981063,0.135076218,-0.000584472,0.275244413,0.230439951,0.258052663,0.332923273,-0.070795352,0.378244234,0.003285449,0.015835097,0.24104956,0.409501614,0.330602913,0.052292324,-0.161412995,0.445208398
S060,1.162461482,MB_L,-0.611122777,APP_L,MB_L_APP_L,-0.233555987,0.104779179,0.042364507,0.44718784,0.318188982,0.138842999,0.212061429,0.227876431,-0.040131586,0.225997429,0.104371866,0.138196684,0.126632954,-0.016759738,0.210825685,0.156289742,0.187392495,0.323169793,0.001961021,0.371690159,-0.013048866,-0.067623688,0.10345314,0.356809167,0.352337186,0.035044232,-0.289752334,0.457734808
S061,5.050337259,MB_H,-0.123020009,APP_L,MB_H_APP_L,-0.151092259,0.334459729,0.126544113,0.47423145,0.278044105,0.265345517,0.285613555,0.261211155,0.076504588,0.262903924,0.158148827,0.175190667,0.142359535,-0.049484974,0.25889499,0.198459964,0.265795466,0.346653634,-0.028230955,0.374994103,-0.007627284,-0.04299814,0.179857757,0.41268157,0.345430558,0.108534042,-0.334174069,0.423135319
S062,1.797751858,MB_L,-0.875545933,APP_L,MB_L_APP_L,-0.21163858,0.146550672,0.090279688,0.441009783,0.190261201,0.1941109,0.180885892,0.237996482,-0.081059869,0.125641963,0.01103375,0.106192377,0.093967356,-0.019584169,0.236163007,0.105837036,0.267194627,0.272943146,-0.059622233,0.378232657,0.001041633,-0.086190284,0.013882269,0.381322886,0.266369532,0.060125775,-0.275015751,0.428280764
S063,1.560942049,MB_L,-0.019189983,APP_H,MB_L_APP_H,-0.212916109,0.183415262,0.045843355,0.45243846,0.203660762,0.222433256,0.227756007,0.223525393,0.016533277,0.212838547,0.122745059,0.147076305,0.140323883,-0.024640032,0.231142129,0.178433023,0.21936612,0.273065528,-0.034770031,0.352793468,-0.020191091,0.00372835,0.113364969,0.374706234,0.332337553,0.099132902,-0.288515971,0.44533946
S064,1.732044006,MB_L,-0.189807829,APP_L,MB_L_APP_L,-0.162534179,0.223099876,0.077437126,0.457216942,0.286242303,0.204547685,0.238068483,0.250044582,0.054477914,0.134946467,0.152410906,0.151344013,0.123409583,0.008700952,0.178977231,0.260375156,0.26310666,0.358556835,0.020730415,0.414378992,0.049675002,0.001336358,0.319341861,0.411036266,0.311663415,0.085978882,-0.118471927,0.46777834
S065,0.801600757,MB_L,-0.490739051,APP_L,MB_L_APP_L,-0.221072703,0.168809071,0.053178469,0.43097404,0.270969986,0.148699794,0.113458511,0.216167269,-0.042516529,0.176572494,0.042736725,0.089758135,0.059144456,-0.023919892,0.173262412,0.143651418,0.232973866,0.301786849,0.018570082,0.387816205,-0.028263716,-0.072070536,0.04655153,0.388960554,0.276597629,0.028404175,-0.187067622,0.426926627
S066,7.571805466,MB_H,1.690030295,APP_H,MB_H_APP_H,0.062239651,0.462374808,0.302558605,0.530374609,0.264490677,0.286088434,0.43615549,0.334078205,0.277371068,0.226129343,0.360561383,0.260691163,0.239487809,0.012771678,0.351620577,0.308893189,0.254880224,0.336946467,0.011727969,0.397995819,0.126004798,0.004371518,0.421002126,0.421724776,0.429074881,0.195611986,-0.269175016,0.441131469
S067,1.349358266,MB_L,-0.1826009,APP_L,MB_L_APP_L,-0.198854052,0.212462492,0.033415055,0.494457458,0.328522266,0.195359007,0.299692009,0.312040023,0.008148357,0.203406952,0.27681443,0.188329008,0.159047932,0.021630235,0.297390439,0.205388631,0.292935736,0.318630146,-0.065822892,0.378518411,0.055498125,0.037486955,0.297217791,0.377160692,0.399038204,0.097500068,-0.166417835,0.466131947
S068,3.691478851,MB_H,-0.540869259,APP_L,MB_H_APP_L,-0.148982738,0.220105584,0.062518495,0.437711256,0.231949727,0.209279339,0.210923407,0.223353517,0.028501303,0.175070207,0.132125525,0.113418423,0.105365617,-0.002818924,0.239310649,0.206770046,0.228478007,0.348600352,-0.011029554,0.397584942,-0.012459672,-0.016803933,0.163171604,0.405504607,0.330259167,0.068474645,-0.206450404,0.439441963
S069,5.271130528,MB_H,0.057527194,APP_H,MB_H_APP_H,-0.036848194,0.436943536,0.242957193,0.514230331,0.351597041,0.292803861,0.352411711,0.359697654,0.153978328,0.286517596,0.382371404,0.208922147,0.226242978,0.059437548,0.26701335,0.271889885,0.21989883,0.422209982,-0.038700089,0.360593558,0.126201508,0.09143451,0.404111399,0.438775453,0.383307099,0.166698536,-0.157266975,0.448141258
S070,1.483191823,MB_L,-1.594619945,APP_L,MB_L_APP_L,-0.2033617,0.218670679,-0.016399589,0.419043867,0.22896801,0.196910348,0.240790818,0.194211009,-0.083647678,0.146716085,0.04043394,0.130770219,0.095947562,0.020519778,0.248218387,0.152662145,0.247150719,0.292546135,-0.047633199,0.359860039,-0.041555973,-0.027005057,0.076427237,0.384618333,0.277932463,0.034842159,-0.183590275,0.361801246
S071,1.121990524,MB_L,-0.695359768,APP_L,MB_L_APP_L,-0.177666079,0.308671959,0.111760595,0.455476323,0.285326815,0.211658268,0.185937118,0.278587274,0.069978838,0.20468785,0.196368243,0.1427822,0.093320808,-0.01270571,0.25329298,0.202141545,0.26464431,0.265583558,-0.010128742,0.374530639,0.015424329,0.023085464,0.186988604,0.401892948,0.322516259,0.127772182,-0.23804198,0.403771982
S072,1.277478143,MB_L,1.011523705,APP_H,MB_L_APP_H,-0.089051972,0.347159223,0.15767016,0.495269648,0.353890083,0.258527127,0.319939479,0.3227887,0.143065496,0.191898451,0.345215364,0.199618645,0.239828545,0.057292413,0.253842567,0.266490344,0.228358008,0.420734981,-0.103500827,0.374006651,0.079041835,-0.005944024,0.306211037,0.413638255,0.410117079,0.139898155,-0.16965845,0.428380025
S073,4.103661326,MB_H,-1.30834431,APP_L,MB_H_APP_L,-0.249021985,0.380480528,0.010266803,0.406272173,0.269976976,0.228082842,0.220884818,0.265442603,-0.048584178,0.16506237,0.113695957,0.06860168,0.095199611,-0.016775171,0.287802792,0.173536348,0.27030162,0.31793057,-0.057867053,0.416513619,-0.030067122,0.042005713,0.174158633,0.376290912,0.25630367,0.063083732,-0.085178877,0.394553787
S074,1.037474705,MB_L,-0.134829984,APP_L,MB_L_APP_L,-0.182699111,0.182619425,0.064944511,0.477528765,0.275420887,0.170349286,0.25208901,0.240714413,0.013896694,0.222834945,0.185849332,0.160359967,0.133061552,-0.022289896,0.287781061,0.188227317,0.249803397,0.336042706,-0.004157812,0.364474235,0.020811038,0.024394858,0.140482742,0.385015899,0.357637172,0.066969787,-0.263724257,0.464734886
S075,1.277478143,MB_L,-1.252692766,APP_L,MB_L_APP_L,-0.260765883,0.097069166,-0.05194485,0.458337473,0.245992937,0.179421331,0.197354776,0.229825475,-0.011786301,0.205403339,-0.012075792,0.130221663,0.09587946,-0.027586662,0.267797898,0.145467421,0.22463634,0.33542094,-0.016312316,0.456403028,-0.0313314,-0.015814073,0.046110311,0.380565145,0.304223111,0.047079849,-0.270497252,0.461365809
S076,0.775745316,MB_L,-0.164237508,APP_L,MB_L_APP_L,-0.169339007,0.147892972,0.101212641,0.474506788,0.200973302,0.155995015,0.31432075,0.25953028,-0.048749789,0.1923258,0.125116697,0.11337862,0.162971388,0.063269691,0.233930196,0.162983151,0.30763102,0.335057415,0.013985463,0.336225909,0.03909222,-0.003661756,0.102247867,0.377381947,0.348282357,0.0103857,-0.228267277,0.47498828
S077,3.839223293,MB_H,0.210893398,APP_H,MB_H_APP_H,-0.220909525,0.354342337,0.092225185,0.439059047,0.241394859,0.23118979,0.240551458,0.2345958,-0.000672082,0.202531575,0.166565556,0.116153278,0.103459058,-0.005485764,0.212177196,0.212167133,0.273983627,0.342939419,-0.085732312,0.363523295,-0.022625284,-0.014369731,0.222970331,0.401498751,0.293583684,0.044413921,-0.182062895,0.392034429
S078,4.44863097,MB_H,-0.070554549,APP_L,MB_H_APP_L,-0.070095794,0.254993109,0.141253279,0.475690936,0.240943999,0.192459418,0.246320007,0.273185491,0.161731079,0.125245728,0.194992564,0.130608666,0.146458082,-0.015313862,0.220478281,0.230431943,0.239955391,0.396889144,-0.095567037,0.313421553,0.060621715,-0.067349631,0.223778124,0.413807237,0.355113244,0.055386031,-0.21978178,0.451916369
S079,1.732044006,MB_L,0.790292366,APP_H,MB_L_APP_H,-0.149210077,0.355088991,0.080916818,0.45744227,0.327730166,0.25107323,0.269793586,0.301030979,0.106090512,0.200772651,0.29253101,0.212610569,0.155643371,0.010224604,0.250472156,0.254269193,0.22454954,0.411742438,-0.031099949,0.38253601,0.120648962,0.071449185,0.345499826,0.404590873,0.36461059,0.098565789,-0.108952095,0.466812052
S080,0.924352909,MB_L,-0.229323055,APP_L,MB_L_APP_L,-0.193070103,0.239838581,0.06546348,0.491321064,0.296914175,0.186389544,0.233191776,0.275498989,0.032488674,0.161673327,0.167920805,0.105725605,0.111270387,0.056477627,0.213648127,0.254908413,0.224889366,0.359135626,-0.003296892,0.405757746,0.024814355,-0.058583875,0.239443586,0.419349403,0.315651032,0.038245892,-0.07914232,0.423150223
S081,3.409863787,MB_H,-1.130534719,APP_L,MB_H_APP_L,-0.236018725,0.204065787,0.016256641,0.434924731,0.182076631,0.155127155,0.173364595,0.202810766,-0.123612546,0.320803752,-0.015354863,0.085964334,0.0674487,-0.079247704,0.246529545,0.094733775,0.208927479,0.273937238,-0.115587686,0.309417353,-0.082698881,-0.087833548,0.024011189,0.375004255,0.323485637,0.007568879,-0.320652714,0.406618064
S082,1.450879273,MB_L,1.093621399,APP_H,MB_L_APP_H,0.039381246,0.435647414,0.287374896,0.546302924,0.363175571,0.278003781,0.387918084,0.30746154,0.276090905,0.265433367,0.43381635,0.274917994,0.253366416,-0.006882334,0.286879833,0.269209639,0.240355388,0.369897662,-0.034034643,0.367132971,0.133138734,0.035195774,0.401736165,0.427855897,0.433741614,0.158585136,-0.190648541,0.458358051
S083,1.545723606,MB_L,-1.866486536,APP_L,MB_L_APP_L,-0.278767781,0.14521476,-0.030811196,0.393197337,0.145088214,0.173887557,0.119216052,0.222958996,-0.130048432,0.231817005,-0.041008642,0.100060382,0.031770215,-0.063234213,0.231364781,0.113365532,0.198057698,0.315679259,-0.026606396,0.320796634,-0.076033508,-0.035000876,-0.042849975,0.388693099,0.294843125,0.016893335,-0.293609561,0.41968149
S084,1.691133088,MB_L,-0.306013901,APP_L,MB_L_APP_L,-0.189649364,0.203247014,0.055115055,0.452365864,0.274858133,0.148605544,0.226853918,0.236923008,-0.007677333,0.110757973,0.069156828,0.094265116,0.118229468,-0.025767364,0.267573514,0.185318479,0.235817758,0.348925234,-0.041419851,0.353616919,0.004534103,-0.038401932,0.173747798,0.397356929,0.318787651,0.063763291,-0.175846899,0.399668637
S085,3.981739572,MB_H,0.681325562,APP_H,MB_H_APP_H,-0.189722866,0.174149935,0.09014922,0.433904677,0.246237222,0.149669771,0.236227164,0.243373347,0.039181352,0.096370211,0.111052208,0.115459925,0.103631594,-0.090918056,0.215158023,0.200116181,0.248271299,0.383025034,-0.026017772,0.334963747,-0.028582212,-0.015660631,0.180642486,0.411997381,0.33078861,0.071794106,-0.273510136,0.422362205
S086,1.872844004,MB_L,-0.678726553,APP_L,MB_L_APP_L,-0.162288573,0.230673522,0.107169732,0.460429279,0.19396412,0.209927894,0.138983714,0.252208559,0.070685618,0.202580676,0.078594099,0.11225295,0.102149268,-0.037823084,0.179798131,0.144153483,0.201830482,0.306788104,-0.013653435,0.382598632,0.013434693,0.027377841,0.138701458,0.391347407,0.275598381,0.049075046,-0.289811447,0.395340696
S087,1.704899366,MB_L,0.580310931,APP_H,MB_L_APP_H,-0.216398596,0.11194211,0.004171907,0.40748823,0.1615261,0.115043197,0.161993276,0.194770943,-0.002887967,0.13692658,0.000999288,0.101045889,0.072278365,-0.034979457,0.142254736,0.190323835,0.2266271,0.341500532,0.099934049,0.308554265,-0.028451397,0.016068848,0.15201323,0.381529544,0.309350015,0.027120962,-0.235835259,0.413564304
S088,4.648850071,MB_H,1.181808108,APP_H,MB_H_APP_H,-0.279103499,0.165274834,0.081177503,0.453708973,0.224682993,0.16550433,0.177880057,0.251413718,-0.044364774,0.112768538,0.159341416,0.165753158,0.075529714,-0.024204739,0.123017071,0.203597241,0.264768987,0.302842957,0.056422685,0.339662317,-0.031754555,-0.042975377,0.193435215,0.384502474,0.299089049,0.091993716,-0.204584523,0.446268056
S090,1.383998466,MB_L,-1.270593818,APP_L,MB_L_APP_L,-0.236366538,0.149300348,0.055910638,0.498590777,0.265329161,0.18418962,0.25063567,0.240085362,-0.022616698,0.247539475,0.158981802,0.155337793,0.109443325,-0.046453319,0.23723331,0.16867258,0.205395199,0.301972152,-0.0474984,0.402740288,0.030737619,0.017362283,0.097554368,0.355235321,0.385104294,0.052984694,-0.320044318,0.455826052
S091,3.674088391,MB_H,0.658792785,APP_H,MB_H_APP_H,-0.242316704,0.307592343,0.070121142,0.44267183,0.23587896,0.196510692,0.196659033,0.271067665,-0.050898549,0.232644507,0.190369609,0.119779726,0.094100457,-0.039711426,0.292149646,0.14254298,0.270274268,0.32456287,-0.110066921,0.320308006,-0.023966542,-0.02494053,0.159735677,0.362091883,0.360380533,0.047657392,-0.2543518,0.398635301
S092,4.37949908,MB_H,-0.823907599,APP_L,MB_H_APP_L,-0.219151219,0.288980132,0.127743726,0.456815996,0.304610201,0.195045591,0.225003771,0.300407236,-0.010642023,0.148314604,0.221885703,0.150286723,0.169739345,0.115958773,0.252193947,0.230572216,0.265518129,0.373108973,-0.054476041,0.393546284,-0.016346406,0.040680151,0.281932496,0.42422847,0.300196724,0.076940988,-0.15877271,0.411716719
S093,1.142367912,MB_L,-0.804890534,APP_L,MB_L_APP_L,-0.197168714,0.098278573,-0.00092269,0.455814922,0.249569748,0.170636096,0.210310897,0.20335622,0.002435296,0.216574938,0.076979737,0.136429727,0.105789183,-0.026479247,0.238731759,0.133753311,0.218258481,0.342405479,-0.044318036,0.352531486,0.001108378,-0.007871784,0.092314642,0.402311238,0.321418039,0.073294429,-0.292241241,0.440135922
S094,4.42387369,MB_H,0.280634065,APP_H,MB_H_APP_H,-0.115578716,0.327466838,0.246149975,0.492822093,0.274620612,0.228340955,0.261489937,0.28930511,0.158364335,0.132459966,0.254377248,0.21176582,0.157624172,-0.043589212,0.235527694,0.25635976,0.243875441,0.367782692,-0.033411286,0.356235035,0.047581483,0.042779089,0.362513085,0.424323908,0.375622389,0.097706192,-0.266115185,0.435042714
S095,0.993284573,MB_L,-0.429615175,APP_L,MB_L_APP_L,-0.242754758,0.086357259,0.023203514,0.479542563,0.231924583,0.159167932,0.232591757,0.248572238,-0.029089411,0.175178847,0.150750966,0.130080869,0.136283973,-0.035753977,0.27035059,0.178817101,0.225720213,0.299731,-0.090118312,0.336286359,-0.014216355,-0.111318459,0.116098455,0.361180301,0.367447454,0.050005574,-0.241749944,0.424029699
S096,1.258934249,MB_L,1.194784645,APP_H,MB_L_APP_H,-0.112210216,0.294469474,0.149924754,0.469624762,0.306736066,0.227119914,0.300625533,0.269028853,0.115536693,0.242911218,0.311447015,0.207013966,0.194677076,-0.0441105,0.200716529,0.256019474,0.193227099,0.400569475,-0.023857673,0.283400953,0.041252674,-0.018404667,0.361848221,0.402479439,0.37588338,0.125995931,-0.341862889,0.434242165
S097,2.066555769,MB_L,0.804949995,APP_H,MB_L_APP_H,-0.12889789,0.369037294,0.107166131,0.49365751,0.334973015,0.256926337,0.318458954,0.319211237,0.164201466,0.204017162,0.365302004,0.185454357,0.170976072,-0.044017139,0.208095205,0.292590524,0.249665491,0.405825035,-0.054672398,0.352227083,0.041987802,0.021589772,0.377578577,0.422333172,0.364930738,0.105566449,-0.166669938,0.421427596
S098,3.341007532,MB_H,1.038722914,APP_H,MB_H_APP_H,-0.263340396,0.289517321,-0.001836128,0.423536703,0.223217226,0.204901364,0.229130029,0.227809912,-0.021456339,0.231866101,0.075873801,0.09391136,0.100982533,-0.054770044,0.269006898,0.212771379,0.259980624,0.276462504,-0.074751549,0.348434985,-0.07628152,0.042165116,0.171327559,0.355477288,0.352416142,0.044943954,-0.196066121,0.412013599
S099,6.863169791,MB_H,-0.630528961,APP_L,MB_H_APP_L,-0.17439019,0.25493969,0.165891763,0.455578898,0.229595238,0.191141058,0.177619561,0.290694201,0.074592273,0.153444399,0.163051165,0.111964426,0.099134314,-0.043856426,0.224535224,0.19400239,0.224033216,0.334517036,-0.039808986,0.325066258,-0.048369653,-0.007152399,0.228376574,0.421510665,0.311023492,0.081606943,-0.229105122,0.408478121
S100,0.993284573,MB_L,1.239671761,APP_H,MB_L_APP_H,-0.249192402,0.175219994,0.081358987,0.476450435,0.289091125,0.173976868,0.2188729,0.24553556,0.033794283,0.18618222,0.133128305,0.116930512,0.101992561,-0.008431952,0.151770667,0.220324427,0.263130423,0.385416957,-0.093722241,0.354201331,-0.035891924,0.020199571,0.261072077,0.382053564,0.350092125,0.064157979,-0.230555473,0.433200618
S101,1.05907234,MB_L,1.501239407,APP_H,MB_L_APP_H,0.034765107,0.384295674,0.202555261,0.527705545,0.301265184,0.265195947,0.396418456,0.27929112,0.258540058,0.231330145,0.322351014,0.216419522,0.218450141,-0.034550442,0.263509699,0.309214571,0.243315983,0.391654616,0.043554452,0.347167076,0.118536411,0.025677473,0.488824267,0.400613492,0.384712069,0.133955773,-0.250350967,0.448375313
S102,1.576001633,MB_L,1.371167064,APP_H,MB_L_APP_H,-0.037485272,0.419139332,0.24288467,0.520895852,0.446021817,0.255543017,0.329857223,0.289538249,0.223266562,0.190487942,0.397234152,0.226646699,0.250912612,0.116639284,0.192539011,0.319511041,0.270585331,0.455446283,0.075834461,0.390949833,0.160091241,0.075370951,0.391669807,0.437153493,0.421426601,0.141085646,-0.022512757,0.494834172
S103,1.05907234,MB_L,-0.921116919,APP_L,MB_L_APP_L,-0.183824013,0.246943078,0.01896508,0.449772699,0.370876603,0.23058682,0.277951582,0.263236648,0.050674285,0.279696697,0.251796635,0.22518914,0.158652844,0.002798873,0.246513912,0.224534757,0.187310066,0.375350915,-0.077648623,0.350573022,0.033877433,0.001138583,0.198956573,0.375392497,0.375423836,0.123384121,-0.233123252,0.459099042
